fecha,habitaciones_ocupadas,temp_media,precipitacion,día_semana,es_festivo,nombre_festivo,es_vispera_festivo,es_vacaciones,evento,media_antelacion_dias,num_cancelaciones,estancia_media_dias,año_llegada,mes_llegada
2021-04-01,1,14.94,0.0,3,False,,True,False,,14.0,0,3.0,2021,4
2021-04-02,6,16.2,0.0,4,True,Viernes Santo,False,False,,14.0,0,2.2,2021,4
2021-04-03,7,16.4,0.4,5,False,,False,False,,43.0,0,2.0,2021,4
2021-04-04,3,14.47,0.0,6,False,,True,False,,16.0,0,2.0,2021,4
2021-04-05,1,14.75,0.0,0,True,Lunes de Pascua,False,False,,,0,,2021,4
2021-04-06,0,13.52,0.2,1,False,,False,False,,,0,,2021,4
2021-04-07,0,10.36,0.8,2,False,,False,False,,,0,,2021,4
2021-04-08,1,12.41,0.0,3,False,,False,False,,3.0,0,1.0,2021,4
2021-04-09,1,12.55,0.0,4,False,,False,False,,23.0,0,2.0,2021,4
2021-04-10,2,12.76,2.2,5,False,,False,False,,0.0,0,1.0,2021,4
2021-04-11,0,13.15,23.6,6,False,,False,False,,,0,,2021,4
2021-04-12,0,11.62,6.6,0,False,,False,False,,,0,,2021,4
2021-04-13,0,12.63,0.0,1,False,,False,False,,,0,,2021,4
2021-04-14,0,12.5,0.0,2,False,,False,False,,,0,,2021,4
2021-04-15,0,12.78,0.0,3,False,,False,False,,,0,,2021,4
2021-04-16,0,11.64,0.0,4,False,,False,False,,,0,,2021,4
2021-04-17,9,10.75,0.0,5,False,,False,False,,0.0,0,1.0,2021,4
2021-04-18,0,12.75,0.0,6,False,,False,False,,,0,,2021,4
2021-04-19,0,12.96,0.0,0,False,,False,False,,,0,,2021,4
2021-04-20,0,13.39,0.0,1,False,,False,False,,,0,,2021,4
2021-04-21,0,12.54,0.0,2,False,,False,False,,,0,,2021,4
2021-04-22,0,13.38,0.0,3,False,,False,False,,,0,,2021,4
2021-04-23,0,14.32,0.0,4,False,,False,False,,,0,,2021,4
2021-04-24,0,14.6,0.0,5,False,,False,False,,2.0,0,1.0,2021,4
2021-04-25,9,16.28,0.0,6,False,,False,False,,3.0,0,2.0,2021,4
2021-04-26,9,15.76,0.0,0,False,,False,False,,,0,,2021,4
2021-04-27,0,15.04,0.0,1,False,,False,False,,,0,,2021,4
2021-04-28,0,15.07,0.0,2,False,,False,False,,,0,,2021,4
2021-04-29,2,15.22,0.0,3,False,,False,False,,10.5,0,3.0,2021,4
2021-04-30,5,15.58,0.0,4,False,,True,False,,17.333333333333332,0,3.0,2021,4
2021-05-01,5,14.49,0.0,5,True,Fiesta del Trabajo,False,False,,,0,,2021,5
2021-05-02,1,13.45,0.0,6,False,,False,False,,,0,,2021,5
2021-05-03,1,14.46,0.0,0,False,,False,False,,,0,,2021,5
2021-05-04,1,15.16,0.0,1,False,,False,False,,,0,,2021,5
2021-05-05,0,16.33,0.0,2,False,,False,False,,,0,,2021,5
2021-05-06,9,17.12,0.0,3,False,,False,False,,1.0,0,1.0,2021,5
2021-05-07,3,16.99,0.0,4,False,,False,False,Maratón de Barcelona,210.0,0,2.6666666666666665,2021,5
2021-05-08,4,18.79,0.0,5,False,,False,False,Fórmula 1 GP España,2.0,0,1.0,2021,5
2021-05-09,1,18.15,0.0,6,False,,False,False,Fórmula 1 GP España,26.0,0,3.0,2021,5
2021-05-10,1,17.27,0.0,0,False,,False,False,,,0,,2021,5
2021-05-11,1,15.82,0.0,1,False,,False,False,,,0,,2021,5
2021-05-12,0,17.28,0.0,2,False,,False,False,,,0,,2021,5
2021-05-13,9,17.39,0.0,3,False,,False,False,,49.22222222222222,0,3.0,2021,5
2021-05-14,9,16.23,0.0,4,False,,False,False,,,0,,2021,5
2021-05-15,9,17.45,0.0,5,False,,False,False,,,0,,2021,5
2021-05-16,0,17.72,0.0,6,False,,False,False,,,0,,2021,5
2021-05-17,0,16.9,0.0,0,False,,False,False,,,0,,2021,5
2021-05-18,9,17.26,0.0,1,False,,False,False,,4.0,0,1.0,2021,5
2021-05-19,0,16.92,0.0,2,False,,False,False,,,0,,2021,5
2021-05-20,9,16.85,3.0,3,False,,False,False,,29.0,0,1.0,2021,5
2021-05-21,5,17.89,0.0,4,False,,False,False,,30.666666666666668,0,2.3333333333333335,2021,5
2021-05-22,6,16.75,0.0,5,False,,False,False,,30.0,0,2.0,2021,5
2021-05-23,5,15.77,0.0,6,False,,False,False,,4.0,0,1.0,2021,5
2021-05-24,0,17.34,1.2,0,False,,False,False,,,0,,2021,5
2021-05-25,0,16.55,0.0,1,False,,False,False,,,0,,2021,5
2021-05-26,0,16.91,0.0,2,False,,False,False,,28.0,0,2.0,2021,5
2021-05-27,0,18.41,0.0,3,False,,False,False,,,0,,2021,5
2021-05-28,1,19.71,0.0,4,False,,False,False,,1.0,0,2.0,2021,5
2021-05-29,5,21.82,0.0,5,False,,False,False,,13.5,0,1.25,2021,5
2021-05-30,1,22.17,0.0,6,False,,False,False,,29.0,0,7.0,2021,5
2021-05-31,1,21.1,0.0,0,False,,False,False,,,0,,2021,5
2021-06-01,1,19.92,0.6,1,False,,False,False,,0.0,0,1.0,2021,6
2021-06-02,1,20.76,0.0,2,False,,False,False,Primavera Sound,324.3333333333333,0,6.0,2021,6
2021-06-03,2,20.79,0.0,3,False,,False,False,Primavera Sound,28.0,0,3.0,2021,6
2021-06-04,6,21.09,0.0,4,False,,False,False,MotoGP GP Catalunya,18.75,0,2.0,2021,6
2021-06-05,6,20.74,0.0,5,False,,False,False,MotoGP GP Catalunya,,0,,2021,6
2021-06-06,0,21.24,4.2,6,False,,False,False,MotoGP GP Catalunya,,0,,2021,6
2021-06-07,0,20.68,0.0,0,False,,False,False,,,0,,2021,6
2021-06-08,9,22.0,0.0,1,False,,False,False,,35.0,0,1.0,2021,6
2021-06-09,0,23.82,0.0,2,False,,False,False,,,0,,2021,6
2021-06-10,0,25.0,0.0,3,False,,False,False,,71.88888888888889,0,4.0,2021,6
2021-06-11,0,25.64,0.0,4,False,,False,False,,,0,,2021,6
2021-06-12,0,26.54,0.0,5,False,,False,False,,,0,,2021,6
2021-06-13,1,27.62,0.0,6,False,,False,False,,19.0,0,3.0,2021,6
2021-06-14,2,27.08,0.0,0,False,,False,False,,8.0,0,3.5,2021,6
2021-06-15,2,27.42,0.0,1,False,,False,False,,,0,,2021,6
2021-06-16,1,25.68,0.0,2,False,,False,False,,,0,,2021,6
2021-06-17,1,24.3,0.0,3,False,,False,False,,2.0,0,1.0,2021,6
2021-06-18,9,24.15,0.0,4,False,,False,False,,74.0,0,2.0,2021,6
2021-06-19,9,24.2,0.0,5,False,,False,False,,,0,,2021,6
2021-06-20,2,24.64,0.0,6,False,,False,False,,20.0,0,2.0,2021,6
2021-06-21,2,25.3,0.0,0,False,,False,False,,,0,,2021,6
2021-06-22,2,22.71,0.0,1,False,,False,False,,8.5,0,2.0,2021,6
2021-06-23,4,21.71,0.2,2,False,,True,False,,5.25,0,1.25,2021,6
2021-06-24,4,21.46,0.0,3,True,San Juan,False,False,,28.333333333333332,0,1.6666666666666667,2021,6
2021-06-25,9,22.75,0.0,4,False,,False,False,,54.285714285714285,0,2.142857142857143,2021,6
2021-06-26,7,23.26,0.0,5,False,,False,False,,55.0,0,1.0,2021,6
2021-06-27,1,24.06,0.0,6,False,,False,False,,,0,,2021,6
2021-06-28,2,23.3,0.0,0,False,,False,False,Mobile World Congress,15.0,0,3.0,2021,6
2021-06-29,2,22.97,0.0,1,False,,False,False,Mobile World Congress,,0,,2021,6
2021-06-30,1,23.67,0.0,2,False,,False,False,Mobile World Congress,,0,,2021,6
2021-07-01,1,24.39,0.0,3,False,,False,False,Mobile World Congress,29.0,0,1.0,2021,7
2021-07-02,3,24.58,0.0,4,False,,False,False,Barcelona Rock Fest,29.8,0,2.2,2021,7
2021-07-03,4,24.8,0.0,5,False,,False,False,Barcelona Rock Fest,1.0,0,1.0,2021,7
2021-07-04,1,24.1,0.0,6,False,,False,False,,1.0,0,2.0,2021,7
2021-07-05,3,25.14,0.0,0,False,,False,False,,23.0,0,2.5,2021,7
2021-07-06,1,25.44,0.0,1,False,,False,False,,,0,,2021,7
2021-07-07,1,24.2,0.0,2,False,,False,False,,,0,,2021,7
2021-07-08,2,22.88,14.2,3,False,,False,False,Cruïlla,0.0,0,4.0,2021,7
2021-07-09,1,24.32,0.0,4,False,,False,False,Cruïlla,,0,,2021,7
2021-07-10,3,24.86,0.0,5,False,,False,False,Cruïlla,53.0,0,4.5,2021,7
2021-07-11,3,25.25,0.0,6,False,,False,False,Cruïlla,0.0,0,1.0,2021,7
2021-07-12,3,24.95,0.0,0,False,,False,False,,34.0,0,4.0,2021,7
2021-07-13,8,22.71,0.0,1,False,,False,False,,6.0,0,3.0,2021,7
2021-07-14,8,22.74,0.0,2,False,,False,False,,,0,,2021,7
2021-07-15,8,23.69,0.0,3,False,,False,False,,,0,,2021,7
2021-07-16,0,24.41,0.0,4,False,,False,False,,298.2,0,3.0,2021,7
2021-07-17,0,24.56,0.0,5,False,,False,False,,,0,,2021,7
2021-07-18,3,25.13,0.0,6,False,,False,False,,93.75,0,3.5,2021,7
2021-07-19,4,26.7,0.0,0,False,,False,False,,3.0,0,3.0,2021,7
2021-07-20,4,26.5,0.0,1,False,,False,False,,,0,,2021,7
2021-07-21,3,26.66,0.0,2,False,,False,False,,,0,,2021,7
2021-07-22,9,26.76,0.0,3,False,,False,False,,98.0,0,3.0,2021,7
2021-07-23,9,27.34,0.0,4,False,,False,False,,,0,,2021,7
2021-07-24,9,25.88,0.0,5,False,,False,False,,,0,,2021,7
2021-07-25,1,25.2,0.0,6,False,,False,False,,0.0,0,4.0,2021,7
2021-07-26,1,25.25,0.0,0,False,,False,False,,15.666666666666666,0,2.6666666666666665,2021,7
2021-07-27,2,25.38,0.0,1,False,,False,False,,58.0,0,2.0,2021,7
2021-07-28,2,24.37,0.0,2,False,,False,False,,,0,,2021,7
2021-07-29,3,25.36,0.0,3,False,,False,False,,13.666666666666666,0,3.0,2021,7
2021-07-30,7,25.98,0.0,4,False,,False,False,,17.75,0,1.25,2021,7
2021-07-31,4,24.15,8.4,5,False,,False,False,,4.0,0,1.0,2021,7
2021-08-01,1,22.08,0.0,6,False,,False,False,,,0,,2021,8
2021-08-02,9,23.14,0.0,0,False,,False,False,,6.0,0,10.0,2021,8
2021-08-03,9,24.95,0.0,1,False,,False,False,,,0,,2021,8
2021-08-04,9,22.85,1.4,2,False,,False,False,,,0,,2021,8
2021-08-05,9,24.86,0.0,3,False,,False,False,,,0,,2021,8
2021-08-06,9,24.1,0.0,4,False,,False,False,,,0,,2021,8
2021-08-07,9,24.5,0.0,5,False,,False,False,Brunch Electronik,,0,,2021,8
2021-08-08,9,23.08,0.0,6,False,,False,False,Brunch Electronik,,0,,2021,8
2021-08-09,9,23.82,0.0,0,False,,False,False,Brunch Electronik,,0,,2021,8
2021-08-10,9,24.58,0.0,1,False,,False,False,Brunch Electronik,,0,,2021,8
2021-08-11,9,26.3,0.0,2,False,,False,False,,,0,,2021,8
2021-08-12,9,26.61,0.0,3,False,,False,False,,29.0,0,3.0,2021,8
2021-08-13,9,26.73,0.0,4,False,,False,False,,,0,,2021,8
2021-08-14,9,27.59,0.0,5,False,,True,False,,81.0,0,7.0,2021,8
2021-08-15,0,26.81,0.0,6,True,Asunción,False,False,,,0,,2021,8
2021-08-16,9,25.86,0.0,0,False,,False,False,,1.0,0,4.0,2021,8
2021-08-17,9,25.01,0.0,1,False,,False,False,,,0,,2021,8
2021-08-18,9,24.34,0.0,2,False,,False,False,,,0,,2021,8
2021-08-19,9,23.35,0.0,3,False,,False,False,,,0,,2021,8
2021-08-20,9,24.63,0.0,4,False,,False,False,,1.0,0,3.0,2021,8
2021-08-21,9,25.94,0.0,5,False,,False,False,,,0,,2021,8
2021-08-22,9,25.62,0.0,6,False,,False,False,,,0,,2021,8
2021-08-23,4,24.8,0.0,0,False,,False,False,,10.25,0,3.25,2021,8
2021-08-24,4,24.63,0.4,1,False,,False,False,,,0,,2021,8
2021-08-25,6,24.09,0.0,2,False,,False,False,,18.666666666666668,0,4.0,2021,8
2021-08-26,5,24.65,0.0,3,False,,False,False,,44.0,0,8.0,2021,8
2021-08-27,4,26.08,0.0,4,False,,False,False,,32.333333333333336,0,2.0,2021,8
2021-08-28,5,24.58,0.0,5,False,,False,False,,32.0,0,5.0,2021,8
2021-08-29,2,24.27,0.0,6,False,,False,False,,,0,,2021,8
2021-08-30,2,22.48,0.0,0,False,,False,False,,,0,,2021,8
2021-08-31,2,23.4,0.0,1,False,,False,False,,,0,,2021,8
2021-09-01,2,23.48,0.0,2,False,,False,False,,,0,,2021,9
2021-09-02,1,23.92,0.0,3,False,,False,False,,8.0,0,3.0,2021,9
2021-09-03,3,24.13,0.0,4,False,,False,False,,7.666666666666667,0,2.6666666666666665,2021,9
2021-09-04,3,23.87,0.0,5,False,,False,False,,9.0,0,2.0,2021,9
2021-09-05,1,24.98,0.0,6,False,,False,False,,,0,,2021,9
2021-09-06,2,25.65,0.0,0,False,,False,False,,61.5,0,2.0,2021,9
2021-09-07,2,25.49,0.0,1,False,,False,False,,,0,,2021,9
2021-09-08,0,25.48,0.0,2,False,,False,False,,,0,,2021,9
2021-09-09,3,25.29,0.0,3,False,,False,False,,39.5,0,1.75,2021,9
2021-09-10,4,23.38,1.6,4,False,,True,False,,62.0,0,2.0,2021,9
2021-09-11,2,23.8,0.0,5,True,Diada de Cataluña,False,False,,,0,,2021,9
2021-09-12,0,24.47,0.0,6,False,,False,False,,2.0,0,4.0,2021,9
2021-09-13,0,25.41,0.0,0,False,,False,False,,,0,,2021,9
2021-09-14,0,26.12,0.0,1,False,,False,False,,,0,,2021,9
2021-09-15,0,26.0,0.0,2,False,,False,False,,,0,,2021,9
2021-09-16,0,24.04,1.6,3,False,,False,False,,,0,,2021,9
2021-09-17,2,24.18,0.0,4,False,,False,False,,27.5,0,2.0,2021,9
2021-09-18,2,22.51,1.2,5,False,,False,False,,,0,,2021,9
2021-09-19,0,21.57,1.4,6,False,,False,False,,,0,,2021,9
2021-09-20,0,19.79,25.0,0,False,,False,False,,32.0,0,2.0,2021,9
2021-09-21,0,19.67,0.0,1,False,,False,False,,,0,,2021,9
2021-09-22,9,21.75,0.0,2,False,,False,False,,0.0,0,1.0,2021,9
2021-09-23,9,21.8,1.8,3,False,,False,False,La Mercè,0.0,0,1.0,2021,9
2021-09-24,6,22.05,0.0,4,False,,False,False,La Mercè,436.0,0,3.0,2021,9
2021-09-25,6,24.18,0.0,5,False,,False,False,La Mercè,,0,,2021,9
2021-09-26,6,23.24,0.0,6,False,,False,False,La Mercè,,0,,2021,9
2021-09-27,0,23.49,0.0,0,False,,False,False,,,0,,2021,9
2021-09-28,0,22.75,0.0,1,False,,False,False,,,0,,2021,9
2021-09-29,0,21.97,0.0,2,False,,False,False,,,0,,2021,9
2021-09-30,0,21.69,0.0,3,False,,False,False,,,0,,2021,9
2021-10-01,0,20.47,0.0,4,False,,False,False,CSIO Barcelona,,0,,2021,10
2021-10-02,0,21.99,0.2,5,False,,False,False,CSIO Barcelona,,0,,2021,10
2021-10-03,0,23.48,0.2,6,False,,False,False,CSIO Barcelona,,0,,2021,10
2021-10-04,1,16.07,34.4,0,False,,False,False,,1.0,0,2.0,2021,10
2021-10-05,1,19.72,0.0,1,False,,False,False,,,0,,2021,10
2021-10-06,0,19.49,0.0,2,False,,False,False,,,0,,2021,10
2021-10-07,1,19.36,0.0,3,False,,False,False,,11.0,0,4.0,2021,10
2021-10-08,2,18.98,0.0,4,False,,False,False,,39.5,0,2.5,2021,10
2021-10-09,4,18.82,0.2,5,False,,False,False,,14.5,0,1.5,2021,10
2021-10-10,4,18.1,0.2,6,False,,False,False,,9.0,0,2.0,2021,10
2021-10-11,1,18.82,0.0,0,False,,True,False,,,0,,2021,10
2021-10-12,0,18.62,0.0,1,True,Fiesta Nacional,False,False,Salón Náutico Internacional,,0,,2021,10
2021-10-13,1,18.83,0.0,2,False,,False,False,Salón Náutico Internacional,51.0,0,3.0,2021,10
2021-10-14,1,17.92,0.0,3,False,,False,False,Salón Náutico Internacional,,0,,2021,10
2021-10-15,3,19.84,0.0,4,False,,False,False,Salón Náutico Internacional,50.0,0,3.0,2021,10
2021-10-16,2,18.85,0.0,5,False,,False,False,Salón Náutico Internacional,,0,,2021,10
2021-10-17,2,18.18,0.0,6,False,,False,False,Salón Náutico Internacional,,0,,2021,10
2021-10-18,0,19.93,0.0,0,False,,False,False,,,0,,2021,10
2021-10-19,0,20.41,0.0,1,False,,False,False,,,0,,2021,10
2021-10-20,0,20.5,0.0,2,False,,False,False,,,0,,2021,10
2021-10-21,0,18.89,0.0,3,False,,False,False,,,0,,2021,10
2021-10-22,9,17.53,0.0,4,False,,False,False,,45.0,0,2.0,2021,10
2021-10-23,9,16.35,0.0,5,False,,False,False,,,0,,2021,10
2021-10-24,0,18.0,0.0,6,False,,False,False,,,0,,2021,10
2021-10-25,0,17.33,0.0,0,False,,False,False,,,0,,2021,10
2021-10-26,0,17.4,0.0,1,False,,False,False,,,0,,2021,10
2021-10-27,0,16.85,0.0,2,False,,False,False,,,0,,2021,10
2021-10-28,0,16.93,0.0,3,False,,False,False,,,0,,2021,10
2021-10-29,0,18.19,27.8,4,False,,False,False,,,0,,2021,10
2021-10-30,9,18.58,16.0,5,False,,False,False,,19.0,0,2.0,2021,10
2021-10-31,9,19.25,0.0,6,False,,True,False,,,0,,2021,10
2021-11-01,0,17.75,1.8,0,True,Todos los Santos,False,False,,,0,,2021,11
2021-11-02,0,15.05,0.0,1,False,,False,False,,,0,,2021,11
2021-11-03,0,13.78,0.0,2,False,,False,False,,,0,,2021,11
2021-11-04,0,12.98,0.0,3,False,,False,False,,,0,,2021,11
2021-11-05,4,12.34,0.0,4,False,,False,False,Llum BCN,28.0,0,2.0,2021,11
2021-11-06,4,12.9,0.0,5,False,,False,False,Llum BCN,,0,,2021,11
2021-11-07,0,13.27,0.0,6,False,,False,False,Llum BCN,,0,,2021,11
2021-11-08,0,14.7,0.0,0,False,,False,False,,,0,,2021,11
2021-11-09,0,14.34,0.0,1,False,,False,False,,,0,,2021,11
2021-11-10,0,15.33,10.4,2,False,,False,False,,,0,,2021,11
2021-11-11,0,16.63,1.6,3,False,,False,False,,,0,,2021,11
2021-11-12,0,17.55,0.2,4,False,,False,False,,,0,,2021,11
2021-11-13,0,16.9,0.0,5,False,,False,False,,,0,,2021,11
2021-11-14,0,14.6,8.4,6,False,,False,False,,,0,,2021,11
2021-11-15,0,12.91,0.2,0,False,,False,False,,,0,,2021,11
2021-11-16,0,13.05,3.2,1,False,,False,False,,,0,,2021,11
2021-11-17,0,13.0,0.0,2,False,,False,False,,,0,,2021,11
2021-11-18,0,12.09,0.4,3,False,,False,False,,,0,,2021,11
2021-11-19,0,12.29,0.0,4,False,,False,False,,,0,,2021,11
2021-11-20,0,12.88,0.0,5,False,,False,False,,,0,,2021,11
2021-11-21,0,13.98,0.0,6,False,,False,False,Trial Indoor Barcelona,,0,,2021,11
2021-11-22,0,12.8,1.6,0,False,,False,False,,,0,,2021,11
2021-11-23,0,12.86,25.8,1,False,,False,False,,,0,,2021,11
2021-11-24,0,11.67,4.8,2,False,,False,False,,,0,,2021,11
2021-11-25,0,11.11,0.4,3,False,,False,False,,,0,,2021,11
2021-11-26,0,10.83,0.0,4,False,,False,False,,0.0,0,1.0,2021,11
2021-11-27,0,9.07,0.0,5,False,,False,False,,,0,,2021,11
2021-11-28,0,7.5,0.0,6,False,,False,False,,,0,,2021,11
2021-11-29,0,9.0,0.0,0,False,,False,False,,,0,,2021,11
2021-11-30,0,10.66,0.0,1,False,,False,False,,,0,,2021,11
2021-12-01,0,10.98,0.0,2,False,,False,False,,,0,,2021,12
2021-12-02,0,10.56,12.2,3,False,,False,False,,,0,,2021,12
2021-12-03,0,9.59,0.0,4,False,,False,False,,66.0,0,3.0,2021,12
2021-12-04,0,11.89,0.0,5,False,,False,False,,,0,,2021,12
2021-12-05,0,9.88,0.0,6,False,,True,False,,0.0,0,2.0,2021,12
2021-12-06,0,9.0,0.0,0,True,Día de la Constitución,False,False,,,0,,2021,12
2021-12-07,1,11.97,0.0,1,False,,True,False,,7.0,0,12.0,2021,12
2021-12-08,1,12.2,0.0,2,True,Inmaculada,False,False,,,0,,2021,12
2021-12-09,1,8.33,0.0,3,False,,False,False,,,0,,2021,12
2021-12-10,3,12.25,0.0,4,False,,False,False,,63.0,0,2.0,2021,12
2021-12-11,3,10.07,0.0,5,False,,False,False,,,0,,2021,12
2021-12-12,1,12.59,0.0,6,False,,False,False,,,0,,2021,12
2021-12-13,1,11.58,0.0,0,False,,False,False,,,0,,2021,12
2021-12-14,1,10.54,0.0,1,False,,False,False,,,0,,2021,12
2021-12-15,1,11.04,0.0,2,False,,False,False,,,0,,2021,12
2021-12-16,1,10.59,0.0,3,False,,False,False,,,0,,2021,12
2021-12-17,1,10.7,0.0,4,False,,False,False,,,0,,2021,12
2021-12-18,2,10.61,0.0,5,False,,False,False,,2.0,0,3.0,2021,12
2021-12-19,1,9.83,0.0,6,False,,False,False,,,0,,2021,12
2021-12-20,1,9.49,0.0,0,False,,False,False,,,0,,2021,12
2021-12-21,0,10.32,0.0,1,False,,False,False,,,0,,2021,12
2021-12-22,2,10.64,0.0,2,False,,False,False,,55.0,0,4.0,2021,12
2021-12-23,3,12.32,0.0,3,False,,False,True,,1.0,0,1.0,2021,12
2021-12-24,2,13.61,0.0,4,False,,True,True,,,0,,2021,12
2021-12-25,2,13.91,0.0,5,True,Navidad,True,True,,,0,,2021,12
2021-12-26,3,12.33,0.0,6,True,San Esteban,False,True,,1.0,0,1.0,2021,12
2021-12-27,0,15.84,0.0,0,False,,False,True,,8.0,0,2.0,2021,12
2021-12-28,0,16.5,0.0,1,False,,False,True,,,0,,2021,12
2021-12-29,0,15.95,0.0,2,False,,False,True,,10.0,0,3.0,2021,12
2021-12-30,9,14.68,0.0,3,False,,False,True,,49.666666666666664,0,3.0,2021,12
2021-12-31,9,12.95,0.0,4,False,,True,True,,,0,,2021,12
2022-01-01,9,10.72,0.0,5,True,Año Nuevo,False,True,,62.0,0,2.0,2022,1
2022-01-02,0,11.05,0.0,6,False,,False,True,,,0,,2022,1
2022-01-03,0,11.01,0.0,0,False,,False,True,,,0,,2022,1
2022-01-04,0,14.46,0.0,1,False,,False,True,,,0,,2022,1
2022-01-05,0,10.44,7.0,2,False,,True,True,,,0,,2022,1
2022-01-06,0,7.77,0.0,3,True,Reyes,False,True,,,0,,2022,1
2022-01-07,1,7.67,0.0,4,False,,False,True,,11.0,0,2.0,2022,1
2022-01-08,1,9.65,0.0,5,False,,False,False,,,0,,2022,1
2022-01-09,0,10.98,0.0,6,False,,False,False,,,0,,2022,1
2022-01-10,0,10.25,1.2,0,False,,False,False,,0.0,0,1.0,2022,1
2022-01-11,5,10.59,0.0,1,False,,False,False,,28.0,0,2.0,2022,1
2022-01-12,5,9.27,0.0,2,False,,False,False,,,0,,2022,1
2022-01-13,0,7.66,0.0,3,False,,False,False,,,0,,2022,1
2022-01-14,0,9.13,0.0,4,False,,False,False,,,0,,2022,1
2022-01-15,0,7.89,0.0,5,False,,False,False,,,0,,2022,1
2022-01-16,0,8.22,0.0,6,False,,False,False,,,0,,2022,1
2022-01-17,0,9.11,0.0,0,False,,False,False,,,0,,2022,1
2022-01-18,0,8.47,0.0,1,False,,False,False,,,0,,2022,1
2022-01-19,1,9.4,0.0,2,False,,False,False,,13.0,0,2.0,2022,1
2022-01-20,1,9.57,0.0,3,False,,False,False,,,0,,2022,1
2022-01-21,0,8.25,0.0,4,False,,False,False,,,0,,2022,1
2022-01-22,0,7.68,0.0,5,False,,False,False,,,0,,2022,1
2022-01-23,0,8.49,0.0,6,False,,False,False,,,0,,2022,1
2022-01-24,0,9.22,0.0,0,False,,False,False,,,0,,2022,1
2022-01-25,0,9.01,0.0,1,False,,False,False,,,0,,2022,1
2022-01-26,0,9.2,0.0,2,False,,False,False,,,0,,2022,1
2022-01-27,0,9.82,0.0,3,False,,False,False,,,0,,2022,1
2022-01-28,1,10.52,0.0,4,False,,False,False,,1.0,0,2.0,2022,1
2022-01-29,1,10.76,0.0,5,False,,False,False,,,0,,2022,1
2022-01-30,0,11.55,0.0,6,False,,False,False,,,0,,2022,1
2022-01-31,0,10.88,0.0,0,False,,False,False,,,0,,2022,1
2022-02-01,0,10.99,0.0,1,False,,False,False,,,0,,2022,2
2022-02-02,0,11.93,0.0,2,False,,False,False,,,0,,2022,2
2022-02-03,1,11.35,0.0,3,False,,False,False,BCNegra,145.0,0,3.0,2022,2
2022-02-04,1,11.64,0.0,4,False,,False,False,BCNegra,,0,,2022,2
2022-02-05,1,11.66,0.0,5,False,,False,False,BCNegra,,0,,2022,2
2022-02-06,0,11.53,0.0,6,False,,False,False,BCNegra,,0,,2022,2
2022-02-07,0,11.66,0.0,0,False,,False,False,BCNegra,,0,,2022,2
2022-02-08,0,12.17,0.0,1,False,,False,False,BCNegra,,0,,2022,2
2022-02-09,1,11.0,0.0,2,False,,False,False,BCNegra,2.0,0,2.0,2022,2
2022-02-10,1,10.55,0.0,3,False,,False,False,BCNegra,,0,,2022,2
2022-02-11,9,11.62,0.0,4,False,,False,False,BCNegra,15.0,0,2.0,2022,2
2022-02-12,9,11.07,0.8,5,False,,False,False,BCNegra,,0,,2022,2
2022-02-13,1,12.34,0.2,6,False,,False,False,BCNegra,6.0,0,2.0,2022,2
2022-02-14,2,13.12,0.2,0,False,,False,False,,0.0,0,17.0,2022,2
2022-02-15,1,11.36,0.0,1,False,,False,False,,,0,,2022,2
2022-02-16,1,11.99,0.0,2,False,,False,False,,,0,,2022,2
2022-02-17,1,14.59,0.0,3,False,,False,False,,,0,,2022,2
2022-02-18,6,13.2,0.0,4,False,,False,False,,22.2,0,2.0,2022,2
2022-02-19,6,11.12,0.0,5,False,,False,False,,,0,,2022,2
2022-02-20,1,11.12,0.0,6,False,,False,False,,,0,,2022,2
2022-02-21,2,13.03,0.0,0,False,,False,False,,35.0,0,5.0,2022,2
2022-02-22,2,12.13,0.0,1,False,,False,False,,7.0,0,2.0,2022,2
2022-02-23,2,12.36,0.0,2,False,,False,False,,90.0,0,2.0,2022,2
2022-02-24,3,13.02,0.0,3,False,,False,False,Carnaval,23.0,0,4.0,2022,2
2022-02-25,9,12.26,0.0,4,False,,False,False,Carnaval,30.5,0,2.0,2022,2
2022-02-26,9,11.25,0.0,5,False,,False,False,Carnaval,19.0,0,2.0,2022,2
2022-02-27,3,11.0,0.0,6,False,,False,False,Carnaval,,0,,2022,2
2022-02-28,1,12.36,0.0,0,False,,False,False,Carnaval,,0,,2022,2
2022-03-01,1,11.86,0.0,1,False,,False,False,Carnaval,,0,,2022,3
2022-03-02,1,11.55,0.6,2,False,,False,False,Carnaval,,0,,2022,3
2022-03-03,1,12.46,0.0,3,False,,False,False,Mobile World Congress,9.0,0,3.0,2022,3
2022-03-04,3,12.13,0.0,4,False,,False,False,,10.0,0,2.0,2022,3
2022-03-05,5,12.72,0.0,5,False,,False,False,,15.5,0,2.0,2022,3
2022-03-06,2,10.05,11.2,6,False,,False,False,,,0,,2022,3
2022-03-07,0,10.84,0.0,0,False,,False,False,,,0,,2022,3
2022-03-08,0,10.52,0.2,1,False,,False,False,,,0,,2022,3
2022-03-09,0,11.47,0.0,2,False,,False,False,,,0,,2022,3
2022-03-10,0,12.25,0.0,3,False,,False,False,,,0,,2022,3
2022-03-11,3,12.27,0.8,4,False,,False,False,,7.0,0,2.0,2022,3
2022-03-12,4,11.82,40.4,5,False,,False,False,,26.0,0,1.0,2022,3
2022-03-13,0,12.6,1.4,6,False,,False,False,,,0,,2022,3
2022-03-14,0,13.45,0.0,0,False,,False,False,,,0,,2022,3
2022-03-15,0,14.32,0.0,1,False,,False,False,,,0,,2022,3
2022-03-16,0,14.3,0.0,2,False,,False,False,,,0,,2022,3
2022-03-17,0,14.86,0.0,3,False,,False,False,,,0,,2022,3
2022-03-18,0,14.7,0.0,4,False,,False,False,,,0,,2022,3
2022-03-19,2,12.29,0.0,5,False,,False,False,,16.5,0,2.0,2022,3
2022-03-20,2,12.8,5.2,6,False,,False,False,,,0,,2022,3
2022-03-21,0,12.63,7.6,0,False,,False,False,,,0,,2022,3
2022-03-22,0,11.61,0.6,1,False,,False,False,,,0,,2022,3
2022-03-23,9,11.53,0.0,2,False,,False,False,,29.0,0,2.0,2022,3
2022-03-24,9,12.25,0.0,3,False,,False,False,,,0,,2022,3
2022-03-25,4,13.35,0.0,4,False,,False,False,,41.75,0,2.25,2022,3
2022-03-26,6,13.19,0.2,5,False,,False,False,,0.0,0,1.0,2022,3
2022-03-27,1,15.1,0.0,6,False,,False,False,,24.0,0,6.0,2022,3
2022-03-28,0,14.22,0.0,0,False,,False,False,,,0,,2022,3
2022-03-29,2,13.72,0.0,1,False,,False,False,,13.0,0,7.0,2022,3
2022-03-30,2,12.41,20.0,2,False,,False,False,,,0,,2022,3
2022-03-31,3,11.6,16.8,3,False,,False,False,,17.0,0,3.0,2022,3
2022-04-01,5,10.67,0.0,4,False,,False,False,,9.0,0,4.5,2022,4
2022-04-02,5,8.83,0.0,5,False,,False,False,,,0,,2022,4
2022-04-03,3,7.4,0.2,6,False,,False,False,,,0,,2022,4
2022-04-04,3,9.23,0.0,0,False,,False,False,,,0,,2022,4
2022-04-05,1,11.66,0.0,1,False,,False,False,,,0,,2022,4
2022-04-06,1,12.84,0.0,2,False,,False,False,,,0,,2022,4
2022-04-07,1,15.31,0.0,3,False,,False,False,,,0,,2022,4
2022-04-08,9,18.7,0.0,4,False,,False,False,,4.0,0,1.0,2022,4
2022-04-09,9,13.97,1.8,5,False,,False,False,,35.0,0,2.0,2022,4
2022-04-10,9,14.07,0.0,6,False,,False,False,Trial Indoor Barcelona,,0,,2022,4
2022-04-11,0,13.79,0.0,0,False,,False,True,,,0,,2022,4
2022-04-12,9,14.44,0.0,1,False,,False,True,,1.0,0,1.0,2022,4
2022-04-13,9,14.1,2.4,2,False,,False,True,,42.0,0,11.0,2022,4
2022-04-14,9,17.8,0.0,3,False,,True,True,,,0,,2022,4
2022-04-15,9,19.28,0.0,4,True,Viernes Santo,False,True,,,0,,2022,4
2022-04-16,9,18.73,0.0,5,False,,False,True,,,0,,2022,4
2022-04-17,9,16.43,0.0,6,False,,True,True,,,0,,2022,4
2022-04-18,9,14.84,0.0,0,True,Lunes de Pascua,False,True,,,0,,2022,4
2022-04-19,9,14.8,0.2,1,False,,False,False,,,0,,2022,4
2022-04-20,9,14.75,1.6,2,False,,False,False,,57.0,0,2.0,2022,4
2022-04-21,9,12.39,36.6,3,False,,False,False,,,0,,2022,4
2022-04-22,9,14.7,0.0,4,False,,False,False,,,0,,2022,4
2022-04-23,9,13.35,13.2,5,False,,False,False,,,0,,2022,4
2022-04-24,0,15.36,0.0,6,False,,False,False,,,0,,2022,4
2022-04-25,0,15.31,0.0,0,False,,False,False,,145.0,0,6.0,2022,4
2022-04-26,3,15.69,0.0,1,False,,False,False,,1.0,0,1.0,2022,4
2022-04-27,9,16.66,0.0,2,False,,False,False,,147.0,0,4.0,2022,4
2022-04-28,9,17.62,0.0,3,False,,False,False,,,0,,2022,4
2022-04-29,9,18.92,0.0,4,False,,False,False,,,0,,2022,4
2022-04-30,9,18.36,0.0,5,False,,False,False,,,0,,2022,4
2022-05-01,1,17.82,0.0,6,False,,False,False,,0.0,0,1.0,2022,5
2022-05-02,0,17.3,0.0,0,False,,False,False,,,0,,2022,5
2022-05-03,0,15.72,1.6,1,False,,False,False,,,0,,2022,5
2022-05-04,0,15.94,0.0,2,False,,False,False,,,0,,2022,5
2022-05-05,9,17.05,0.0,3,False,,False,False,,21.0,0,1.0,2022,5
2022-05-06,9,17.63,0.0,4,False,,False,False,,96.0,0,2.0,2022,5
2022-05-07,9,18.77,0.0,5,False,,False,False,,,0,,2022,5
2022-05-08,9,19.37,0.0,6,False,,False,False,Maratón de Barcelona,9.0,0,4.0,2022,5
2022-05-09,9,19.01,0.0,0,False,,False,False,,,0,,2022,5
2022-05-10,9,18.56,0.0,1,False,,False,False,,,0,,2022,5
2022-05-11,9,18.23,0.0,2,False,,False,False,,,0,,2022,5
2022-05-12,0,18.77,0.0,3,False,,False,False,,,0,,2022,5
2022-05-13,3,18.29,0.0,4,False,,False,False,,35.8,0,2.0,2022,5
2022-05-14,4,20.56,0.0,5,False,,False,False,,2.0,0,2.0,2022,5
2022-05-15,1,20.85,0.0,6,False,,False,False,,,0,,2022,5
2022-05-16,0,20.78,0.0,0,False,,False,False,,,0,,2022,5
2022-05-17,1,20.03,0.0,1,False,,False,False,,0.0,0,2.0,2022,5
2022-05-18,2,22.93,0.0,2,False,,False,False,,13.0,0,3.0,2022,5
2022-05-19,6,21.47,0.0,3,False,,False,False,,106.0,0,3.5,2022,5
2022-05-20,9,22.96,0.0,4,False,,False,False,Fórmula 1 GP España,117.66666666666667,0,2.888888888888889,2022,5
2022-05-21,9,23.35,0.0,5,False,,False,False,Fórmula 1 GP España,105.0,0,4.0,2022,5
2022-05-22,9,23.66,0.0,6,False,,False,False,Fórmula 1 GP España,,0,,2022,5
2022-05-23,1,22.35,0.0,0,False,,False,False,,,0,,2022,5
2022-05-24,1,18.79,10.0,1,False,,False,False,,,0,,2022,5
2022-05-25,2,17.35,4.8,2,False,,False,False,,0.0,0,2.0,2022,5
2022-05-26,6,21.6,0.0,3,False,,False,False,,180.0,0,1.0,2022,5
2022-05-27,9,22.08,0.0,4,False,,False,False,,326.0,0,2.0,2022,5
2022-05-28,9,22.73,0.0,5,False,,False,False,,,0,,2022,5
2022-05-29,6,21.03,0.0,6,False,,False,False,,183.0,0,1.0,2022,5
2022-05-30,9,20.73,0.0,0,False,,False,False,,18.0,0,3.0,2022,5
2022-05-31,9,21.25,0.0,1,False,,False,False,,,0,,2022,5
2022-06-01,2,21.6,0.0,2,False,,False,False,,15.0,0,3.0,2022,6
2022-06-02,6,20.76,0.0,3,False,,False,False,Primavera Sound,101.83333333333333,0,2.1666666666666665,2022,6
2022-06-03,6,22.28,0.0,4,False,,False,False,MotoGP GP Catalunya,,0,,2022,6
2022-06-04,9,21.95,0.0,5,False,,False,False,MotoGP GP Catalunya,219.0,0,3.0,2022,6
2022-06-05,9,23.38,0.0,6,False,,False,False,MotoGP GP Catalunya,,0,,2022,6
2022-06-06,9,23.74,0.0,0,False,,False,False,Primavera Sound,,0,,2022,6
2022-06-07,9,23.83,0.0,1,False,,False,False,Primavera Sound,241.0,0,5.0,2022,6
2022-06-08,9,22.64,0.0,2,False,,False,False,Primavera Sound,,0,,2022,6
2022-06-09,9,22.43,0.0,3,False,,False,False,Primavera Sound,,0,,2022,6
2022-06-10,9,22.71,0.0,4,False,,False,False,Primavera Sound,,0,,2022,6
2022-06-11,9,25.3,0.0,5,False,,False,False,Primavera Sound,,0,,2022,6
2022-06-12,9,26.22,0.0,6,False,,False,False,Primavera Sound,119.0,0,3.0,2022,6
2022-06-13,9,26.95,0.0,0,False,,False,False,,,0,,2022,6
2022-06-14,9,25.8,0.0,1,False,,False,False,,,0,,2022,6
2022-06-15,9,26.4,0.0,2,False,,False,False,,14.0,0,2.0,2022,6
2022-06-16,9,27.24,0.0,3,False,,False,False,Sónar,,0,,2022,6
2022-06-17,9,29.73,0.0,4,False,,False,False,Sónar,200.0,0,2.0,2022,6
2022-06-18,9,25.83,0.0,5,False,,False,False,Sónar,,0,,2022,6
2022-06-19,1,25.36,0.0,6,False,,False,False,,26.0,0,2.3333333333333335,2022,6
2022-06-20,1,25.67,0.0,0,False,,False,False,,4.0,0,1.0,2022,6
2022-06-21,1,25.85,0.6,1,False,,False,False,,,0,,2022,6
2022-06-22,4,23.57,3.8,2,False,,False,True,,53.4,0,3.4,2022,6
2022-06-23,3,24.58,0.0,3,False,,True,True,,,0,,2022,6
2022-06-24,9,23.93,0.0,4,True,San Juan,False,True,,92.28571428571429,0,2.0,2022,6
2022-06-25,7,24.12,0.0,5,False,,False,True,,35.0,0,2.0,2022,6
2022-06-26,2,24.09,0.0,6,False,,False,True,,50.0,0,3.0,2022,6
2022-06-27,1,24.77,0.6,0,False,,False,True,,,0,,2022,6
2022-06-28,3,24.6,0.0,1,False,,False,True,,4.0,0,2.6666666666666665,2022,6
2022-06-29,4,24.1,0.0,2,False,,False,True,,0.0,0,3.0,2022,6
2022-06-30,4,24.37,0.0,3,False,,False,True,Barcelona Rock Fest,2.0,0,4.0,2022,6
2022-07-01,8,22.9,0.0,4,False,,False,True,Barcelona Rock Fest,12.0,0,1.75,2022,7
2022-07-02,6,23.68,0.0,5,False,,False,True,Barcelona Rock Fest,154.0,0,2.0,2022,7
2022-07-03,4,25.4,0.0,6,False,,False,True,,4.25,0,1.5,2022,7
2022-07-04,1,26.49,0.0,0,False,,False,True,,20.0,0,2.0,2022,7
2022-07-05,1,26.53,0.2,1,False,,False,True,,,0,,2022,7
2022-07-06,9,25.16,2.0,2,False,,False,True,Cruïlla,5.0,0,1.0,2022,7
2022-07-07,9,25.58,0.0,3,False,,False,True,Cruïlla,199.0,0,3.0,2022,7
2022-07-08,9,25.65,0.0,4,False,,False,True,Cruïlla,,0,,2022,7
2022-07-09,9,25.79,0.0,5,False,,False,True,Cruïlla,,0,,2022,7
2022-07-10,9,27.13,0.0,6,False,,False,True,,104.0,0,3.0,2022,7
2022-07-11,9,26.25,0.0,0,False,,False,True,,,0,,2022,7
2022-07-12,9,26.01,0.0,1,False,,False,True,,,0,,2022,7
2022-07-13,3,26.81,0.0,2,False,,False,True,,32.25,0,2.75,2022,7
2022-07-14,6,27.38,0.0,3,False,,False,True,,24.333333333333332,0,3.0,2022,7
2022-07-15,8,29.19,0.0,4,False,,False,True,,10.75,0,3.25,2022,7
2022-07-16,8,29.7,0.0,5,False,,False,True,,36.5,0,2.0,2022,7
2022-07-17,3,27.71,0.0,6,False,,False,True,,,0,,2022,7
2022-07-18,3,26.16,0.0,0,False,,False,True,,37.0,0,2.0,2022,7
2022-07-19,5,26.75,0.0,1,False,,False,True,,43.5,0,2.0,2022,7
2022-07-20,4,26.78,0.0,2,False,,False,True,,0.0,0,1.0,2022,7
2022-07-21,9,27.58,0.0,3,False,,False,True,,172.0,0,3.0,2022,7
2022-07-22,9,27.62,0.0,4,False,,False,True,,,0,,2022,7
2022-07-23,9,26.78,0.0,5,False,,False,True,,,0,,2022,7
2022-07-24,3,28.0,0.0,6,False,,False,True,,68.0,0,2.8333333333333335,2022,7
2022-07-25,3,27.0,0.0,0,False,,False,True,,,0,,2022,7
2022-07-26,5,26.84,2.4,1,False,,False,True,,11.0,0,2.5,2022,7
2022-07-27,5,25.55,3.6,2,False,,False,True,,267.0,0,2.0,2022,7
2022-07-28,3,26.46,0.0,3,False,,False,True,,21.0,0,2.0,2022,7
2022-07-29,1,25.77,11.6,4,False,,False,True,,,0,,2022,7
2022-07-30,9,26.27,0.0,5,False,,False,True,,176.0,0,7.0,2022,7
2022-07-31,9,28.02,0.0,6,False,,False,True,,,0,,2022,7
2022-08-01,9,29.01,0.0,0,False,,False,True,,,0,,2022,8
2022-08-02,9,29.51,0.0,1,False,,False,True,,,0,,2022,8
2022-08-03,9,29.47,0.0,2,False,,False,True,,,0,,2022,8
2022-08-04,9,28.58,0.0,3,False,,False,True,,,0,,2022,8
2022-08-05,9,26.97,11.2,4,False,,False,True,,,0,,2022,8
2022-08-06,0,28.84,0.0,5,False,,False,True,,,0,,2022,8
2022-08-07,9,28.3,0.0,6,False,,False,True,Brunch Electronik,175.0,0,7.0,2022,8
2022-08-08,9,28.0,0.0,0,False,,False,True,Brunch Electronik,,0,,2022,8
2022-08-09,9,28.06,0.0,1,False,,False,True,Brunch Electronik,,0,,2022,8
2022-08-10,9,28.93,0.0,2,False,,False,True,Brunch Electronik,,0,,2022,8
2022-08-11,9,28.69,0.0,3,False,,False,True,,,0,,2022,8
2022-08-12,9,28.75,0.0,4,False,,False,True,,,0,,2022,8
2022-08-13,9,28.36,0.0,5,False,,False,True,,,0,,2022,8
2022-08-14,0,28.69,0.0,6,False,,True,True,,,0,,2022,8
2022-08-15,0,26.71,0.0,0,True,Asunción,False,True,,,0,,2022,8
2022-08-16,0,26.55,0.0,1,False,,False,True,,,0,,2022,8
2022-08-17,0,25.9,0.0,2,False,,False,True,,,0,,2022,8
2022-08-18,0,22.1,4.6,3,False,,False,True,,85.0,0,3.0,2022,8
2022-08-19,0,23.72,0.0,4,False,,False,True,,,0,,2022,8
2022-08-20,0,25.83,0.0,5,False,,False,True,,,0,,2022,8
2022-08-21,0,25.8,11.8,6,False,,False,True,,,0,,2022,8
2022-08-22,2,26.05,0.0,0,False,,False,True,,30.0,0,2.5,2022,8
2022-08-23,2,26.45,0.0,1,False,,False,True,,,0,,2022,8
2022-08-24,1,27.65,0.0,2,False,,False,True,,,0,,2022,8
2022-08-25,9,26.65,0.2,3,False,,False,True,,94.0,0,4.0,2022,8
2022-08-26,9,27.72,0.0,4,False,,False,True,,,0,,2022,8
2022-08-27,9,26.93,0.0,5,False,,False,True,,,0,,2022,8
2022-08-28,9,27.34,0.0,6,False,,False,True,,,0,,2022,8
2022-08-29,2,27.09,0.0,0,False,,False,True,,23.0,0,2.0,2022,8
2022-08-30,2,27.42,0.0,1,False,,False,True,,,0,,2022,8
2022-08-31,1,25.07,3.6,2,False,,False,True,,12.0,0,2.0,2022,8
2022-09-01,1,25.96,0.0,3,False,,False,True,,,0,,2022,9
2022-09-02,9,25.36,0.8,4,False,,False,True,,0.0,0,2.0,2022,9
2022-09-03,9,25.1,0.0,5,False,,False,True,,,0,,2022,9
2022-09-04,9,25.75,0.0,6,False,,False,True,,38.0,0,3.0,2022,9
2022-09-05,9,26.59,0.0,0,False,,False,False,,,0,,2022,9
2022-09-06,9,27.15,0.0,1,False,,False,False,,45.0,0,2.0,2022,9
2022-09-07,0,26.11,0.0,2,False,,False,False,,,0,,2022,9
2022-09-08,9,25.78,0.0,3,False,,False,False,,129.0,0,2.0,2022,9
2022-09-09,9,24.48,0.0,4,False,,False,False,,167.0,0,5.0,2022,9
2022-09-10,7,25.3,0.0,5,False,,True,False,,8.333333333333334,0,1.3888888888888888,2022,9
2022-09-11,1,25.27,0.0,6,True,Diada de Cataluña,False,False,,,0,,2022,9
2022-09-12,2,26.66,0.0,0,False,,False,False,,1.0,0,2.0,2022,9
2022-09-13,3,27.63,0.0,1,False,,False,False,,104.0,0,3.0,2022,9
2022-09-14,1,25.56,1.6,2,False,,False,False,,,0,,2022,9
2022-09-15,1,26.23,0.0,3,False,,False,False,,,0,,2022,9
2022-09-16,9,23.95,1.2,4,False,,False,False,,517.0,0,3.0,2022,9
2022-09-17,9,22.64,0.0,5,False,,False,False,,,0,,2022,9
2022-09-18,9,21.16,0.0,6,False,,False,False,,,0,,2022,9
2022-09-19,2,22.15,0.0,0,False,,False,False,,10.666666666666666,0,2.0,2022,9
2022-09-20,3,21.92,0.0,1,False,,False,False,,77.0,0,2.0,2022,9
2022-09-21,2,21.73,0.0,2,False,,False,False,,14.0,0,4.0,2022,9
2022-09-22,4,21.99,0.0,3,False,,False,False,,10.0,0,3.0,2022,9
2022-09-23,8,22.42,3.6,4,False,,False,False,La Mercè,52.0,0,2.0,2022,9
2022-09-24,8,19.74,13.2,5,False,,False,False,La Mercè,,0,,2022,9
2022-09-25,0,19.98,2.4,6,False,,False,False,La Mercè,,0,,2022,9
2022-09-26,0,20.8,0.0,0,False,,False,False,La Mercè,,0,,2022,9
2022-09-27,1,19.75,0.0,1,False,,False,False,,10.0,0,2.0,2022,9
2022-09-28,1,20.86,0.0,2,False,,False,False,,,0,,2022,9
2022-09-29,0,18.9,0.0,3,False,,False,False,CSIO Barcelona,150.0,0,3.0,2022,9
2022-09-30,9,18.15,0.0,4,False,,False,False,CSIO Barcelona,43.0,0,2.0,2022,9
2022-10-01,9,19.65,0.0,5,False,,False,False,CSIO Barcelona,,0,,2022,10
2022-10-02,0,22.16,0.0,6,False,,False,False,CSIO Barcelona,,0,,2022,10
2022-10-03,0,21.29,0.0,0,False,,False,False,,,0,,2022,10
2022-10-04,9,21.32,0.0,1,False,,False,False,,307.0,0,4.0,2022,10
2022-10-05,9,20.71,0.0,2,False,,False,False,,,0,,2022,10
2022-10-06,9,21.3,0.0,3,False,,False,False,Festival de Cine de Sitges,,0,,2022,10
2022-10-07,9,19.81,7.0,4,False,,False,False,Festival de Cine de Sitges,,0,,2022,10
2022-10-08,3,19.33,2.4,5,False,,False,False,Festival de Cine de Sitges,35.0,0,2.6666666666666665,2022,10
2022-10-09,2,19.82,0.0,6,False,,False,False,Festival de Cine de Sitges,,0,,2022,10
2022-10-10,4,20.15,0.0,0,False,,False,False,Festival de Cine de Sitges,4.333333333333333,0,5.666666666666667,2022,10
2022-10-11,5,19.95,0.0,1,False,,True,False,Festival de Cine de Sitges,38.0,0,3.0,2022,10
2022-10-12,6,20.77,0.0,2,True,Fiesta Nacional,False,False,Festival de Cine de Sitges,0.0,0,4.0,2022,10
2022-10-13,5,21.24,0.0,3,False,,False,False,Festival de Cine de Sitges,134.0,0,3.0,2022,10
2022-10-14,7,20.65,0.0,4,False,,False,False,Festival de Cine de Sitges,13.333333333333334,0,2.3333333333333335,2022,10
2022-10-15,7,21.39,0.0,5,False,,False,False,Festival de Cine de Sitges,,0,,2022,10
2022-10-16,3,21.97,0.0,6,False,,False,False,Festival de Cine de Sitges,,0,,2022,10
2022-10-17,2,22.2,0.0,0,False,,False,False,Festival de Cine de Sitges,10.0,0,3.5,2022,10
2022-10-18,2,21.59,0.0,1,False,,False,False,,,0,,2022,10
2022-10-19,2,21.3,0.0,2,False,,False,False,,,0,,2022,10
2022-10-20,1,22.03,0.0,3,False,,False,False,,,0,,2022,10
2022-10-21,9,22.78,0.0,4,False,,False,False,,144.0,0,2.0,2022,10
2022-10-22,9,21.37,0.0,5,False,,False,False,,,0,,2022,10
2022-10-23,1,21.69,0.0,6,False,,False,False,,0.0,0,2.0,2022,10
2022-10-24,1,22.64,0.0,0,False,,False,False,,,0,,2022,10
2022-10-25,9,21.63,0.0,1,False,,False,False,,0.0,0,1.0,2022,10
2022-10-26,2,21.11,0.0,2,False,,False,False,,0.0,0,1.0,2022,10
2022-10-27,2,19.06,0.0,3,False,,False,False,,6.0,0,1.0,2022,10
2022-10-28,9,18.16,0.0,4,False,,False,False,,36.0,0,2.0,2022,10
2022-10-29,9,18.26,0.0,5,False,,False,False,,,0,,2022,10
2022-10-30,0,19.39,0.0,6,False,,False,False,,,0,,2022,10
2022-10-31,0,20.45,0.0,0,False,,True,False,,,0,,2022,10
2022-11-01,0,19.59,0.0,1,True,Todos los Santos,False,False,,,0,,2022,11
2022-11-02,9,18.79,0.0,2,False,,False,False,,44.0,0,1.0,2022,11
2022-11-03,0,19.04,0.8,3,False,,False,False,,,0,,2022,11
2022-11-04,3,16.37,0.0,4,False,,False,False,,16.333333333333332,0,2.0,2022,11
2022-11-05,5,15.27,0.0,5,False,,False,False,,3.0,0,2.5,2022,11
2022-11-06,2,15.89,0.0,6,False,,False,False,,,0,,2022,11
2022-11-07,1,16.83,0.0,0,False,,False,False,,,0,,2022,11
2022-11-08,1,18.23,0.0,1,False,,False,False,,13.0,0,7.0,2022,11
2022-11-09,1,19.12,0.6,2,False,,False,False,,,0,,2022,11
2022-11-10,2,16.55,3.6,3,False,,False,False,,35.0,0,2.0,2022,11
2022-11-11,4,18.93,0.0,4,False,,False,False,,67.0,0,2.0,2022,11
2022-11-12,3,18.43,0.0,5,False,,False,False,,,0,,2022,11
2022-11-13,1,16.7,0.0,6,False,,False,False,,,0,,2022,11
2022-11-14,2,17.98,0.0,0,False,,False,False,,61.0,0,2.0,2022,11
2022-11-15,1,19.76,0.0,1,False,,False,False,,,0,,2022,11
2022-11-16,0,18.34,0.0,2,False,,False,False,,,0,,2022,11
2022-11-17,9,19.33,0.0,3,False,,False,False,,0.0,0,1.0,2022,11
2022-11-18,9,14.14,8.4,4,False,,False,False,,190.0,0,3.0,2022,11
2022-11-19,9,12.33,0.0,5,False,,False,False,,,0,,2022,11
2022-11-20,9,12.17,0.0,6,False,,False,False,,,0,,2022,11
2022-11-21,0,13.79,0.2,0,False,,False,False,,,0,,2022,11
2022-11-22,0,11.91,0.0,1,False,,False,False,,,0,,2022,11
2022-11-23,0,15.3,0.0,2,False,,False,False,,,0,,2022,11
2022-11-24,0,16.06,0.2,3,False,,False,False,,,0,,2022,11
2022-11-25,9,14.3,2.8,4,False,,False,False,,56.0,0,2.0,2022,11
2022-11-26,9,12.84,0.0,5,False,,False,False,,,0,,2022,11
2022-11-27,0,13.38,0.0,6,False,,False,False,,,0,,2022,11
2022-11-28,0,12.93,0.4,0,False,,False,False,,1.0,0,9.0,2022,11
2022-11-29,0,12.16,0.0,1,False,,False,False,,,0,,2022,11
2022-11-30,0,11.77,0.0,2,False,,False,False,,,0,,2022,11
2022-12-01,1,11.4,0.0,3,False,,False,False,,24.0,0,9.0,2022,12
2022-12-02,1,10.95,0.0,4,False,,False,False,,,0,,2022,12
2022-12-03,1,10.79,0.0,5,False,,False,False,,,0,,2022,12
2022-12-04,1,10.46,2.4,6,False,,False,False,,,0,,2022,12
2022-12-05,1,10.75,0.0,0,False,,True,False,,,0,,2022,12
2022-12-06,1,11.74,0.0,1,True,Día de la Constitución,False,False,,,0,,2022,12
2022-12-07,1,12.03,0.0,2,False,,True,False,,,0,,2022,12
2022-12-08,1,12.78,7.2,3,True,Inmaculada,False,False,,,0,,2022,12
2022-12-09,1,15.15,0.4,4,False,,False,False,,,0,,2022,12
2022-12-10,1,11.91,0.2,5,False,,False,False,,8.0,0,3.0,2022,12
2022-12-11,2,9.24,0.0,6,False,,False,False,,1.0,0,3.0,2022,12
2022-12-12,2,9.65,9.4,0,False,,False,False,,,0,,2022,12
2022-12-13,4,12.37,1.0,1,False,,False,False,,26.0,0,2.0,2022,12
2022-12-14,4,13.53,4.0,2,False,,False,False,,27.0,0,1.0,2022,12
2022-12-15,1,14.75,2.0,3,False,,False,False,,28.0,0,1.0,2022,12
2022-12-16,0,13.01,0.0,4,False,,False,False,,,0,,2022,12
2022-12-17,0,12.09,0.0,5,False,,False,False,,,0,,2022,12
2022-12-18,0,11.64,0.0,6,False,,False,False,,,0,,2022,12
2022-12-19,0,14.12,0.0,0,False,,False,False,,,0,,2022,12
2022-12-20,0,13.84,0.0,1,False,,False,False,,,0,,2022,12
2022-12-21,3,14.45,1.0,2,False,,False,False,,0.0,0,1.0,2022,12
2022-12-22,9,15.33,0.0,3,False,,False,True,,50.0,0,4.0,2022,12
2022-12-23,9,17.37,0.0,4,False,,False,True,,,0,,2022,12
2022-12-24,9,15.92,0.0,5,False,,True,True,,,0,,2022,12
2022-12-25,9,14.32,0.0,6,True,Navidad,True,True,,,0,,2022,12
2022-12-26,1,15.48,0.0,0,True,San Esteban,False,True,,16.0,0,3.0,2022,12
2022-12-27,1,13.14,0.0,1,False,,False,True,,,0,,2022,12
2022-12-28,1,12.39,0.0,2,False,,False,True,,,0,,2022,12
2022-12-29,9,13.55,0.0,3,False,,False,True,,50.0,0,4.0,2022,12
2022-12-30,9,15.41,0.0,4,False,,False,True,,,0,,2022,12
2022-12-31,9,15.6,0.0,5,False,,True,True,,,0,,2022,12
2023-01-01,9,12.05,0.0,6,True,Año Nuevo,False,True,,,0,,2023,1
2023-01-02,0,13.06,0.0,0,False,,False,True,,,0,,2023,1
2023-01-03,0,13.67,0.0,1,False,,False,True,,,0,,2023,1
2023-01-04,1,11.61,0.0,2,False,,False,True,,34.0,0,4.0,2023,1
2023-01-05,2,11.41,0.0,3,False,,True,True,,13.0,0,2.0,2023,1
2023-01-06,2,9.97,0.0,4,True,Reyes,False,True,,,0,,2023,1
2023-01-07,1,12.47,0.0,5,False,,False,True,,,0,,2023,1
2023-01-08,0,14.48,0.0,6,False,,False,True,,,0,,2023,1
2023-01-09,0,13.76,0.0,0,False,,False,False,,,0,,2023,1
2023-01-10,0,11.42,0.0,1,False,,False,False,,,0,,2023,1
2023-01-11,0,11.87,0.0,2,False,,False,False,,,0,,2023,1
2023-01-12,1,11.47,0.0,3,False,,False,False,,12.0,0,2.0,2023,1
2023-01-13,1,12.39,0.0,4,False,,False,False,,,0,,2023,1
2023-01-14,0,12.24,0.0,5,False,,False,False,,,0,,2023,1
2023-01-15,2,12.74,1.8,6,False,,False,False,,20.5,0,7.0,2023,1
2023-01-16,2,10.67,0.2,0,False,,False,False,,,0,,2023,1
2023-01-17,2,13.3,0.2,1,False,,False,False,,,0,,2023,1
2023-01-18,7,8.67,0.0,2,False,,False,False,,15.0,0,2.0,2023,1
2023-01-19,7,8.05,0.0,3,False,,False,False,,,0,,2023,1
2023-01-20,2,8.33,0.0,4,False,,False,False,,,0,,2023,1
2023-01-21,2,7.53,0.0,5,False,,False,False,,,0,,2023,1
2023-01-22,0,6.1,0.0,6,False,,False,False,,,0,,2023,1
2023-01-23,0,5.82,0.0,0,False,,False,False,,,0,,2023,1
2023-01-24,0,6.63,0.2,1,False,,False,False,,,0,,2023,1
2023-01-25,0,10.7,0.0,2,False,,False,False,,,0,,2023,1
2023-01-26,0,7.68,0.0,3,False,,False,False,,,0,,2023,1
2023-01-27,0,7.81,0.0,4,False,,False,False,,,0,,2023,1
2023-01-28,0,6.74,0.0,5,False,,False,False,,,0,,2023,1
2023-01-29,0,6.76,0.2,6,False,,False,False,,,0,,2023,1
2023-01-30,0,8.03,0.0,0,False,,False,False,,,0,,2023,1
2023-01-31,1,9.27,0.0,1,False,,False,False,,0.0,0,3.0,2023,1
2023-02-01,1,9.51,0.0,2,False,,False,False,,,0,,2023,2
2023-02-02,1,9.86,0.0,3,False,,False,False,,,0,,2023,2
2023-02-03,1,10.3,0.0,4,False,,False,False,Llum BCN,1.0,0,2.0,2023,2
2023-02-04,1,13.4,0.0,5,False,,False,False,Llum BCN,,0,,2023,2
2023-02-05,0,11.79,0.0,6,False,,False,False,Trial Indoor Barcelona,,0,,2023,2
2023-02-06,0,9.68,1.0,0,False,,False,False,BCNegra,,0,,2023,2
2023-02-07,0,9.13,24.8,1,False,,False,False,BCNegra,,0,,2023,2
2023-02-08,0,8.72,1.8,2,False,,False,False,BCNegra,,0,,2023,2
2023-02-09,0,8.57,0.0,3,False,,False,False,BCNegra,,0,,2023,2
2023-02-10,0,8.94,0.0,4,False,,False,False,BCNegra,,0,,2023,2
2023-02-11,1,8.52,0.0,5,False,,False,False,BCNegra,23.0,0,1.0,2023,2
2023-02-12,0,8.33,0.0,6,False,,False,False,BCNegra,,0,,2023,2
2023-02-13,0,9.04,0.0,0,False,,False,False,,,0,,2023,2
2023-02-14,0,9.5,0.0,1,False,,False,False,,,0,,2023,2
2023-02-15,0,9.91,0.0,2,False,,False,False,,,0,,2023,2
2023-02-16,2,10.24,0.0,3,False,,False,False,Carnaval,16.5,0,3.5,2023,2
2023-02-17,7,11.32,0.0,4,False,,False,False,Carnaval,11.8,0,2.0,2023,2
2023-02-18,8,12.39,0.0,5,False,,False,False,Carnaval,51.0,0,4.0,2023,2
2023-02-19,3,12.35,0.0,6,False,,False,False,Carnaval,0.0,0,3.0,2023,2
2023-02-20,3,12.4,0.0,0,False,,False,False,Carnaval,7.0,0,3.0,2023,2
2023-02-21,5,12.34,0.0,1,False,,False,False,Carnaval,4.333333333333333,0,6.0,2023,2
2023-02-22,4,12.12,0.0,2,False,,False,False,Carnaval,0.0,0,3.0,2023,2
2023-02-23,5,11.66,0.2,3,False,,False,False,,10.0,0,7.0,2023,2
2023-02-24,5,11.65,2.6,4,False,,False,False,,9.0,0,3.5,2023,2
2023-02-25,7,10.61,0.0,5,False,,False,False,,26.0,0,3.0,2023,2
2023-02-26,8,8.5,4.2,6,False,,False,False,,0.0,0,7.0,2023,2
2023-02-27,7,5.68,0.0,0,False,,False,False,Mobile World Congress,46.0,0,4.0,2023,2
2023-02-28,5,10.74,0.0,1,False,,False,False,Mobile World Congress,,0,,2023,2
2023-03-01,4,7.9,0.0,2,False,,False,False,Mobile World Congress,,0,,2023,3
2023-03-02,3,8.35,0.0,3,False,,False,False,Mobile World Congress,0.0,0,3.0,2023,3
2023-03-03,2,9.51,0.0,4,False,,False,False,,,0,,2023,3
2023-03-04,3,10.32,0.0,5,False,,False,False,,0.0,0,1.0,2023,3
2023-03-05,0,10.24,0.0,6,False,,False,False,,,0,,2023,3
2023-03-06,0,10.81,0.0,0,False,,False,False,,,0,,2023,3
2023-03-07,0,13.05,0.0,1,False,,False,False,,,0,,2023,3
2023-03-08,0,15.87,0.0,2,False,,False,False,,,0,,2023,3
2023-03-09,0,17.26,0.0,3,False,,False,False,,2.0,0,5.0,2023,3
2023-03-10,1,17.59,0.0,4,False,,False,False,,37.0,0,2.0,2023,3
2023-03-11,1,19.65,0.0,5,False,,False,False,,,0,,2023,3
2023-03-12,0,15.91,0.0,6,False,,False,False,,,0,,2023,3
2023-03-13,0,15.38,0.0,0,False,,False,False,,,0,,2023,3
2023-03-14,0,15.23,0.0,1,False,,False,False,,,0,,2023,3
2023-03-15,0,13.68,0.0,2,False,,False,False,,,0,,2023,3
2023-03-16,3,13.5,0.0,3,False,,False,False,,48.666666666666664,0,2.3333333333333335,2023,3
2023-03-17,2,13.77,0.0,4,False,,False,False,,,0,,2023,3
2023-03-18,5,14.45,0.0,5,False,,False,False,,14.25,0,1.0,2023,3
2023-03-19,0,14.27,0.0,6,False,,False,False,Maratón de Barcelona,69.0,0,3.0,2023,3
2023-03-20,0,13.74,0.0,0,False,,False,False,,,0,,2023,3
2023-03-21,9,13.75,0.0,1,False,,False,False,,46.0,0,2.0,2023,3
2023-03-22,9,13.75,0.0,2,False,,False,False,,,0,,2023,3
2023-03-23,5,14.31,0.0,3,False,,False,False,,18.4,0,1.0,2023,3
2023-03-24,2,14.98,0.0,4,False,,False,False,,9.8,0,2.0,2023,3
2023-03-25,2,14.46,0.0,5,False,,False,False,,,0,,2023,3
2023-03-26,2,16.07,0.0,6,False,,False,False,,2.0,0,6.0,2023,3
2023-03-27,2,14.43,0.0,0,False,,False,False,,,0,,2023,3
2023-03-28,2,13.99,0.0,1,False,,False,False,,,0,,2023,3
2023-03-29,2,15.0,0.0,2,False,,False,False,,,0,,2023,3
2023-03-30,2,14.38,0.0,3,False,,False,False,,,0,,2023,3
2023-03-31,2,15.75,0.0,4,False,,False,False,,,0,,2023,3
2023-04-01,1,14.88,0.8,5,False,,False,False,,43.0,0,2.0,2023,4
2023-04-02,4,13.65,0.0,6,False,,False,False,,10.0,0,6.0,2023,4
2023-04-03,3,14.26,0.0,0,False,,False,True,,,0,,2023,4
2023-04-04,4,12.81,0.0,1,False,,False,True,,14.0,0,7.5,2023,4
2023-04-05,5,13.34,0.0,2,False,,False,True,,7.0,0,2.0,2023,4
2023-04-06,5,13.78,0.0,3,False,,True,True,,,0,,2023,4
2023-04-07,8,13.84,0.0,4,True,Viernes Santo,False,True,,38.25,0,5.25,2023,4
2023-04-08,8,13.8,0.0,5,False,,False,True,,,0,,2023,4
2023-04-09,8,14.75,0.0,6,False,,True,True,,,0,,2023,4
2023-04-10,5,15.3,0.0,0,True,Lunes de Pascua,False,True,,,0,,2023,4
2023-04-11,4,15.21,0.0,1,False,,False,False,,0.0,0,4.0,2023,4
2023-04-12,4,15.67,0.0,2,False,,False,False,,1.0,0,4.0,2023,4
2023-04-13,4,14.22,0.0,3,False,,False,False,,,0,,2023,4
2023-04-14,4,14.31,0.0,4,False,,False,False,,80.5,0,2.75,2023,4
2023-04-15,4,15.43,0.0,5,False,,False,False,,44.333333333333336,0,5.333333333333333,2023,4
2023-04-16,3,15.18,0.0,6,False,,False,False,,4.0,0,2.0,2023,4
2023-04-17,3,14.5,0.0,0,False,,False,False,,,0,,2023,4
2023-04-18,7,15.57,0.0,1,False,,False,False,,15.0,0,1.4,2023,4
2023-04-19,5,15.28,0.0,2,False,,False,False,,0.6666666666666666,0,2.0,2023,4
2023-04-20,4,15.88,0.0,3,False,,False,False,,96.0,0,1.0,2023,4
2023-04-21,9,16.63,0.0,4,False,,False,False,,102.0,0,2.0,2023,4
2023-04-22,9,17.08,0.0,5,False,,False,False,,,0,,2023,4
2023-04-23,0,17.1,0.0,6,False,,False,False,,,0,,2023,4
2023-04-24,9,16.84,0.2,0,False,,False,False,,274.0,0,7.0,2023,4
2023-04-25,9,16.75,0.0,1,False,,False,False,,,0,,2023,4
2023-04-26,9,17.77,0.0,2,False,,False,False,,,0,,2023,4
2023-04-27,9,18.85,0.0,3,False,,False,False,,,0,,2023,4
2023-04-28,9,18.88,0.0,4,False,,False,False,,,0,,2023,4
2023-04-29,9,19.71,2.4,5,False,,False,False,,,0,,2023,4
2023-04-30,9,18.7,19.4,6,False,,True,False,,,0,,2023,4
2023-05-01,5,16.85,7.8,0,True,Fiesta del Trabajo,False,False,,36.0,0,1.2,2023,5
2023-05-02,1,17.66,0.0,1,False,,False,False,,,0,,2023,5
2023-05-03,0,18.685,0.0,2,False,,False,False,,,0,,2023,5
2023-05-04,0,19.71,0.0,3,False,,False,False,,,0,,2023,5
2023-05-05,9,18.8,0.0,4,False,,False,False,,151.0,0,3.0,2023,5
2023-05-06,9,18.58,0.0,5,False,,False,False,,,0,,2023,5
2023-05-07,9,19.06,0.0,6,False,,False,False,,,0,,2023,5
2023-05-08,9,19.55,0.0,0,False,,False,False,,20.0,0,2.0,2023,5
2023-05-09,9,19.55,0.0,1,False,,False,False,,,0,,2023,5
2023-05-10,0,18.17,0.0,2,False,,False,False,,,0,,2023,5
2023-05-11,9,16.37,0.0,3,False,,False,False,,101.0,0,3.0,2023,5
2023-05-12,9,14.29,8.6,4,False,,False,False,,,0,,2023,5
2023-05-13,9,15.01,0.4,5,False,,False,False,,,0,,2023,5
2023-05-14,0,16.52,1.2,6,False,,False,False,,,0,,2023,5
2023-05-15,9,17.7,0.0,0,False,,False,False,,24.0,0,1.0,2023,5
2023-05-16,9,17.76,0.0,1,False,,False,False,,69.0,0,2.0,2023,5
2023-05-17,9,17.84,0.0,2,False,,False,False,,,0,,2023,5
2023-05-18,8,17.25,0.0,3,False,,False,False,,43.5,0,3.125,2023,5
2023-05-19,9,16.25,5.0,4,False,,False,False,,16.333333333333332,0,2.0,2023,5
2023-05-20,9,17.28,0.0,5,False,,False,False,,18.0,0,2.0,2023,5
2023-05-21,3,16.93,0.0,6,False,,False,False,,,0,,2023,5
2023-05-22,9,18.71,0.0,0,False,,False,False,,132.0,0,2.0,2023,5
2023-05-23,9,18.85,1.6,1,False,,False,False,,,0,,2023,5
2023-05-24,9,20.35,0.0,2,False,,False,False,,4.888888888888889,0,1.2222222222222223,2023,5
2023-05-25,2,16.42,26.8,3,False,,False,False,,57.0,0,1.0,2023,5
2023-05-26,9,17.93,0.0,4,False,,False,False,,329.0,0,2.0,2023,5
2023-05-27,9,20.25,0.0,5,False,,False,False,,,0,,2023,5
2023-05-28,1,20.51,0.0,6,False,,False,False,,22.0,0,5.0,2023,5
2023-05-29,1,19.01,0.0,0,False,,False,False,Primavera Sound,,0,,2023,5
2023-05-30,1,20.55,0.0,1,False,,False,False,Primavera Sound,,0,,2023,5
2023-05-31,1,21.21,0.0,2,False,,False,False,Primavera Sound,,0,,2023,5
2023-06-01,7,20.0,2.3,3,False,,False,False,Primavera Sound,101.0,0,4.5,2023,6
2023-06-02,9,20.04,0.0,4,False,,False,False,Fórmula 1 GP España,115.0,0,5.0,2023,6
2023-06-03,9,20.42,0.0,5,False,,False,False,Fórmula 1 GP España,,0,,2023,6
2023-06-04,9,20.9,0.0,6,False,,False,False,Fórmula 1 GP España,,0,,2023,6
2023-06-05,6,21.13,0.0,0,False,,False,False,,15.0,0,2.0,2023,6
2023-06-06,6,21.22,0.0,1,False,,False,False,,,0,,2023,6
2023-06-07,4,21.71,0.0,2,False,,False,False,,3.5,0,2.0,2023,6
2023-06-08,2,21.97,0.0,3,False,,False,False,,,0,,2023,6
2023-06-09,9,22.08,0.0,4,False,,False,False,,172.0,0,2.0,2023,6
2023-06-10,9,22.6,0.0,5,False,,False,False,,,0,,2023,6
2023-06-11,9,24.27,1.5,6,False,,False,False,,11.0,0,2.0,2023,6
2023-06-12,9,23.88,0.1,0,False,,False,False,,,0,,2023,6
2023-06-13,2,22.02,1.4,1,False,,False,False,,7.0,0,2.0,2023,6
2023-06-14,2,22.43,0.0,2,False,,False,False,,,0,,2023,6
2023-06-15,9,23.59,0.0,3,False,,False,False,Sónar,149.0,0,3.0,2023,6
2023-06-16,9,23.18,0.0,4,False,,False,False,Sónar,,0,,2023,6
2023-06-17,9,23.46,0.0,5,False,,False,False,Sónar,,0,,2023,6
2023-06-18,2,24.9,0.0,6,False,,False,False,,10.0,0,3.5,2023,6
2023-06-19,4,23.48,0.7,0,False,,False,False,,15.666666666666666,0,2.3333333333333335,2023,6
2023-06-20,5,24.02,0.0,1,False,,False,False,,1.0,0,2.0,2023,6
2023-06-21,2,24.04,0.0,2,False,,False,False,,,0,,2023,6
2023-06-22,9,24.96,0.0,3,False,,False,False,,91.0,0,3.0,2023,6
2023-06-23,9,25.58,0.0,4,False,,True,True,,,0,,2023,6
2023-06-24,9,24.83,0.0,5,True,San Juan,False,True,,,0,,2023,6
2023-06-25,2,25.8,0.0,6,False,,False,True,,64.66666666666667,0,3.0,2023,6
2023-06-26,4,26.7,0.0,0,False,,False,True,,39.0,0,3.0,2023,6
2023-06-27,4,25.7,0.0,1,False,,False,True,,127.0,0,4.0,2023,6
2023-06-28,5,25.85,0.0,2,False,,False,True,,3.0,0,2.0,2023,6
2023-06-29,3,25.71,3.0,3,False,,False,True,,,0,,2023,6
2023-06-30,7,23.35,6.0,4,False,,False,True,,150.625,0,2.25,2023,6
2023-07-01,7,23.45,1.2,5,False,,False,True,,11.0,0,2.0,2023,7
2023-07-02,5,24.25,0.0,6,False,,False,True,,14.333333333333334,0,2.0,2023,7
2023-07-03,4,25.02,0.0,0,False,,False,True,,,0,,2023,7
2023-07-04,1,25.08,0.2,1,False,,False,True,,4.0,0,2.0,2023,7
2023-07-05,1,24.07,0.0,2,False,,False,True,Cruïlla,,0,,2023,7
2023-07-06,0,25.28,0.0,3,False,,False,True,Cruïlla,,0,,2023,7
2023-07-07,9,25.22,0.0,4,False,,False,True,Cruïlla,224.0,0,3.0,2023,7
2023-07-08,9,26.84,0.0,5,False,,False,True,Cruïlla,,0,,2023,7
2023-07-09,9,25.71,0.0,6,False,,False,True,,,0,,2023,7
2023-07-10,0,26.53,0.0,0,False,,False,True,,,0,,2023,7
2023-07-11,4,27.64,0.0,1,False,,False,True,,3.25,0,3.0,2023,7
2023-07-12,8,26.71,0.0,2,False,,False,True,,0.5,0,2.0,2023,7
2023-07-13,9,26.76,0.0,3,False,,False,True,,14.666666666666666,0,2.0,2023,7
2023-07-14,8,27.09,0.0,4,False,,False,True,,12.2,0,1.4,2023,7
2023-07-15,7,27.09,0.0,5,False,,False,True,,94.0,0,3.0,2023,7
2023-07-16,4,26.3,0.0,6,False,,False,True,,41.0,0,4.0,2023,7
2023-07-17,3,26.59,0.0,0,False,,False,True,,17.5,0,3.0,2023,7
2023-07-18,8,27.17,0.0,1,False,,False,True,,141.0,0,4.0,2023,7
2023-07-19,8,27.88,0.0,2,False,,False,True,,,0,,2023,7
2023-07-20,9,27.47,0.0,3,False,,False,True,,85.0,0,2.0,2023,7
2023-07-21,9,27.0,0.0,4,False,,False,True,,,0,,2023,7
2023-07-22,9,26.83,0.0,5,False,,False,True,,225.0,0,3.0,2023,7
2023-07-23,9,27.25,0.0,6,False,,False,True,,,0,,2023,7
2023-07-24,9,26.52,0.0,0,False,,False,True,,,0,,2023,7
2023-07-25,6,26.48,0.0,1,False,,False,True,,30.833333333333332,0,2.1666666666666665,2023,7
2023-07-26,6,24.45,0.0,2,False,,False,True,,,0,,2023,7
2023-07-27,1,25.85,0.6,3,False,,False,True,,,0,,2023,7
2023-07-28,9,26.52,0.0,4,False,,False,True,,311.0,0,3.0,2023,7
2023-07-29,9,27.0,0.0,5,False,,False,True,,,0,,2023,7
2023-07-30,9,27.19,0.0,6,False,,False,True,,,0,,2023,7
2023-07-31,1,26.1,0.0,0,False,,False,True,,2.0,0,6.0,2023,7
2023-08-01,5,26.85,0.0,1,False,,False,True,,4.75,0,3.5,2023,8
2023-08-02,7,27.82,0.0,2,False,,False,True,,6.5,0,5.5,2023,8
2023-08-03,4,25.2,0.0,3,False,,False,True,,,0,,2023,8
2023-08-04,6,23.69,7.0,4,False,,False,True,,13.0,0,5.0,2023,8
2023-08-05,7,24.68,0.0,5,False,,False,True,,13.0,0,4.0,2023,8
2023-08-06,7,23.84,1.0,6,False,,False,True,,30.5,0,6.0,2023,8
2023-08-07,8,24.44,0.0,0,False,,False,True,,22.5,0,8.5,2023,8
2023-08-08,9,25.0,0.0,1,False,,False,True,,8.0,0,5.0,2023,8
2023-08-09,8,26.32,0.0,2,False,,False,True,,16.5,0,5.0,2023,8
2023-08-10,9,27.09,0.0,3,False,,False,True,,24.0,0,3.0,2023,8
2023-08-11,9,27.44,0.0,4,False,,False,True,Brunch Electronik,24.0,0,7.5,2023,8
2023-08-12,9,26.18,0.0,5,False,,False,True,Brunch Electronik,13.0,0,5.0,2023,8
2023-08-13,7,26.55,0.0,6,False,,False,True,Brunch Electronik,19.0,0,7.0,2023,8
2023-08-14,5,27.0,0.0,0,False,,True,True,,37.0,0,9.0,2023,8
2023-08-15,8,26.75,0.0,1,True,Asunción,False,True,,23.0,0,6.0,2023,8
2023-08-16,8,26.49,0.0,2,False,,False,True,,18.0,0,1.0,2023,8
2023-08-17,6,26.82,0.0,3,False,,False,True,,15.0,0,5.0,2023,8
2023-08-18,7,26.71,0.0,4,False,,False,True,,37.0,0,3.0,2023,8
2023-08-19,6,27.2,0.0,5,False,,False,True,,,0,,2023,8
2023-08-20,5,29.38,0.0,6,False,,False,True,,,0,,2023,8
2023-08-21,5,30.15,0.0,0,False,,False,True,,50.0,0,10.0,2023,8
2023-08-22,9,29.55,0.0,1,False,,False,True,,22.714285714285715,0,3.857142857142857,2023,8
2023-08-23,9,31.58,0.0,2,False,,False,True,,23.0,0,2.5,2023,8
2023-08-24,9,29.97,0.0,3,False,,False,True,,,0,,2023,8
2023-08-25,7,28.58,0.0,4,False,,False,True,,103.66666666666667,0,2.0,2023,8
2023-08-26,6,25.92,5.2,5,False,,False,True,,24.5,0,4.5,2023,8
2023-08-27,4,19.52,64.6,6,False,,False,True,,,0,,2023,8
2023-08-28,4,22.12,0.0,0,False,,False,True,,,0,,2023,8
2023-08-29,4,22.84,0.0,1,False,,False,True,,6.0,0,2.0,2023,8
2023-08-30,4,21.76,68.2,2,False,,False,True,,,0,,2023,8
2023-08-31,9,23.54,0.2,3,False,,False,True,,174.125,0,4.75,2023,8
2023-09-01,9,24.93,0.0,4,False,,False,True,MotoGP GP Catalunya,263.0,0,2.0,2023,9
2023-09-02,9,23.83,0.0,5,False,,False,True,MotoGP GP Catalunya,,0,,2023,9
2023-09-03,9,26.04,0.0,6,False,,False,True,MotoGP GP Catalunya,19.0,0,4.0,2023,9
2023-09-04,3,27.62,0.0,0,False,,False,True,,,0,,2023,9
2023-09-05,3,25.85,0.0,1,False,,False,True,,,0,,2023,9
2023-09-06,3,24.46,0.0,2,False,,False,False,,,0,,2023,9
2023-09-07,9,23.38,0.0,3,False,,False,False,,268.0,0,4.0,2023,9
2023-09-08,9,23.38,0.0,4,False,,False,False,,,0,,2023,9
2023-09-09,9,23.11,0.0,5,False,,False,False,,,0,,2023,9
2023-09-10,9,23.7,0.0,6,False,,True,False,,,0,,2023,9
2023-09-11,1,24.2,0.0,0,True,Diada de Cataluña,False,False,,0.0,0,3.0,2023,9
2023-09-12,3,23.98,0.0,1,False,,False,False,,2.5,0,1.5,2023,9
2023-09-13,4,24.23,0.6,2,False,,False,False,,12.0,0,2.0,2023,9
2023-09-14,2,24.1,0.0,3,False,,False,False,,,0,,2023,9
2023-09-15,9,21.72,29.2,4,False,,False,False,,231.0,0,3.0,2023,9
2023-09-16,9,23.32,15.6,5,False,,False,False,,,0,,2023,9
2023-09-17,9,24.84,0.0,6,False,,False,False,,,0,,2023,9
2023-09-18,6,26.15,0.0,0,False,,False,False,,33.5,0,4.666666666666667,2023,9
2023-09-19,9,23.36,0.0,1,False,,False,False,,18.333333333333332,0,2.6666666666666665,2023,9
2023-09-20,9,21.53,7.6,2,False,,False,False,,29.0,0,2.0,2023,9
2023-09-21,8,23.49,0.0,3,False,,False,False,,,0,,2023,9
2023-09-22,5,21.8,0.0,4,False,,False,False,La Mercè,73.5,0,3.0,2023,9
2023-09-23,5,20.52,0.0,5,False,,False,False,La Mercè,25.0,0,2.0,2023,9
2023-09-24,5,21.43,0.0,6,False,,False,False,La Mercè,42.0,0,3.0,2023,9
2023-09-25,9,21.27,0.0,0,False,,False,False,La Mercè,3.6666666666666665,0,3.3333333333333335,2023,9
2023-09-26,9,21.93,0.0,1,False,,False,False,,,0,,2023,9
2023-09-27,9,22.6,0.0,2,False,,False,False,,1.25,0,1.75,2023,9
2023-09-28,6,22.76,0.0,3,False,,False,False,CSIO Barcelona,,0,,2023,9
2023-09-29,9,23.65,0.0,4,False,,False,False,CSIO Barcelona,229.0,0,2.0,2023,9
2023-09-30,9,25.0,0.0,5,False,,False,False,CSIO Barcelona,,0,,2023,9
2023-10-01,0,23.17,0.0,6,False,,False,False,CSIO Barcelona,,0,,2023,10
2023-10-02,9,22.75,0.0,0,False,,False,False,,361.0,0,3.0,2023,10
2023-10-03,9,23.36,0.0,1,False,,False,False,,,0,,2023,10
2023-10-04,9,24.2,0.0,2,False,,False,False,,,0,,2023,10
2023-10-05,8,22.23,0.0,3,False,,False,False,Festival de Cine de Sitges,47.111111111111114,0,2.888888888888889,2023,10
2023-10-06,9,22.78,0.0,4,False,,False,False,Festival de Cine de Sitges,40.0,0,6.0,2023,10
2023-10-07,7,22.7,0.0,5,False,,False,False,Festival de Cine de Sitges,0.5,0,4.0,2023,10
2023-10-08,5,22.36,0.0,6,False,,False,False,Festival de Cine de Sitges,35.0,0,3.0,2023,10
2023-10-09,3,21.88,0.0,0,False,,False,False,Festival de Cine de Sitges,,0,,2023,10
2023-10-10,2,21.83,0.0,1,False,,False,False,Festival de Cine de Sitges,,0,,2023,10
2023-10-11,1,21.67,0.0,2,False,,True,False,Festival de Cine de Sitges,,0,,2023,10
2023-10-12,9,21.71,0.0,3,True,Fiesta Nacional,False,False,Festival de Cine de Sitges,152.0,0,3.0,2023,10
2023-10-13,9,21.95,0.0,4,False,,False,False,Festival de Cine de Sitges,,0,,2023,10
2023-10-14,9,22.01,0.0,5,False,,False,False,Festival de Cine de Sitges,,0,,2023,10
2023-10-15,1,20.4,1.0,6,False,,False,False,Festival de Cine de Sitges,9.0,0,3.0,2023,10
2023-10-16,1,18.65,15.0,0,False,,False,False,,24.0,0,4.0,2023,10
2023-10-17,4,20.69,0.0,1,False,,False,False,,2.6,0,3.4,2023,10
2023-10-18,2,23.0,0.0,2,False,,False,False,,,0,,2023,10
2023-10-19,5,22.77,4.8,3,False,,False,False,,3.6666666666666665,0,3.0,2023,10
2023-10-20,5,19.35,1.4,4,False,,False,False,,14.0,0,3.3333333333333335,2023,10
2023-10-21,6,17.77,0.0,5,False,,False,False,,35.0,0,5.0,2023,10
2023-10-22,6,17.38,0.0,6,False,,False,False,,13.75,0,4.0,2023,10
2023-10-23,8,22.05,0.0,0,False,,False,False,,34.0,0,3.0,2023,10
2023-10-24,9,18.59,5.6,1,False,,False,False,,23.5,0,4.0,2023,10
2023-10-25,8,19.95,0.0,2,False,,False,False,,46.0,0,5.0,2023,10
2023-10-26,7,21.59,0.0,3,False,,False,False,,123.33333333333333,0,4.666666666666667,2023,10
2023-10-27,7,19.42,0.0,4,False,,False,False,,149.0,0,2.0,2023,10
2023-10-28,7,18.89,0.0,5,False,,False,False,,3.0,0,3.0,2023,10
2023-10-29,7,18.99,0.0,6,False,,False,False,,50.5,0,5.5,2023,10
2023-10-30,6,17.29,3.6,0,False,,False,False,,6.0,0,4.0,2023,10
2023-10-31,7,15.83,0.0,1,False,,True,False,,22.666666666666668,0,3.3333333333333335,2023,10
2023-11-01,8,18.06,0.0,2,True,Todos los Santos,False,False,,28.0,0,3.0,2023,11
2023-11-02,7,17.94,0.6,3,False,,False,False,,10.5,0,3.5,2023,11
2023-11-03,8,14.65,0.0,4,False,,False,False,,15.5,0,2.0,2023,11
2023-11-04,4,16.4,1.0,5,False,,False,False,,,0,,2023,11
2023-11-05,1,17.11,0.0,6,False,,False,False,,,0,,2023,11
2023-11-06,4,15.08,0.0,0,False,,False,False,,3.3333333333333335,0,3.0,2023,11
2023-11-07,6,13.81,0.0,1,False,,False,False,,5.333333333333333,0,3.6666666666666665,2023,11
2023-11-08,5,13.36,0.0,2,False,,False,False,,,0,,2023,11
2023-11-09,6,13.88,1.2,3,False,,False,False,,26.5,0,2.5,2023,11
2023-11-10,6,15.64,0.0,4,False,,False,False,,34.0,0,2.0,2023,11
2023-11-11,6,14.55,0.0,5,False,,False,False,,6.0,0,2.0,2023,11
2023-11-12,1,16.94,0.0,6,False,,False,False,,,0,,2023,11
2023-11-13,0,19.01,0.0,0,False,,False,False,,,0,,2023,11
2023-11-14,0,20.5,0.0,1,False,,False,False,,,0,,2023,11
2023-11-15,0,16.78,0.0,2,False,,False,False,,,0,,2023,11
2023-11-16,9,17.65,0.0,3,False,,False,False,,222.0,0,3.0,2023,11
2023-11-17,9,16.04,2.0,4,False,,False,False,,,0,,2023,11
2023-11-18,9,15.74,0.0,5,False,,False,False,,,0,,2023,11
2023-11-19,1,14.59,0.0,6,False,,False,False,,0.0,0,3.0,2023,11
2023-11-20,2,14.62,0.0,0,False,,False,False,,59.0,0,3.0,2023,11
2023-11-21,3,14.11,0.4,1,False,,False,False,,0.0,0,3.0,2023,11
2023-11-22,2,13.91,0.0,2,False,,False,False,,,0,,2023,11
2023-11-23,1,12.33,0.0,3,False,,False,False,,7.0,0,2.0,2023,11
2023-11-24,9,14.39,0.0,4,False,,False,False,,0.0,0,2.0,2023,11
2023-11-25,9,13.23,0.0,5,False,,False,False,,,0,,2023,11
2023-11-26,2,12.42,0.0,6,False,,False,False,,0.0,0,3.0,2023,11
2023-11-27,2,12.09,0.0,0,False,,False,False,,,0,,2023,11
2023-11-28,2,13.11,0.0,1,False,,False,False,,,0,,2023,11
2023-11-29,0,12.83,2.0,2,False,,False,False,,,0,,2023,11
2023-11-30,0,16.94,0.0,3,False,,False,False,,,0,,2023,11
2023-12-01,7,15.03,0.0,4,False,,False,False,,10.285714285714286,0,2.0,2023,12
2023-12-02,8,11.81,0.0,5,False,,False,False,,32.0,0,2.0,2023,12
2023-12-03,1,10.78,0.0,6,False,,False,False,,,0,,2023,12
2023-12-04,0,13.21,0.0,0,False,,False,False,,,0,,2023,12
2023-12-05,1,11.44,0.0,1,False,,True,False,,2.0,0,5.0,2023,12
2023-12-06,1,11.08,0.0,2,True,Día de la Constitución,False,False,,,0,,2023,12
2023-12-07,2,12.3,0.0,3,False,,True,False,,2.5,0,3.0,2023,12
2023-12-08,3,12.54,0.6,4,True,Inmaculada,False,False,,1.0,0,2.0,2023,12
2023-12-09,3,13.08,0.0,5,False,,False,False,,10.0,0,3.0,2023,12
2023-12-10,2,14.19,0.0,6,False,,False,False,,3.0,0,2.0,2023,12
2023-12-11,2,15.9,0.0,0,False,,False,False,,,0,,2023,12
2023-12-12,0,16.9,0.0,1,False,,False,False,,,0,,2023,12
2023-12-13,0,15.38,0.0,2,False,,False,False,,,0,,2023,12
2023-12-14,0,12.16,0.0,3,False,,False,False,,,0,,2023,12
2023-12-15,1,12.69,0.0,4,False,,False,False,,1.0,0,2.0,2023,12
2023-12-16,1,11.28,0.0,5,False,,False,False,,,0,,2023,12
2023-12-17,0,9.59,0.0,6,False,,False,False,,,0,,2023,12
2023-12-18,1,10.15,0.0,0,False,,False,False,,87.0,0,3.0,2023,12
2023-12-19,2,10.66,0.0,1,False,,False,False,,4.0,0,2.0,2023,12
2023-12-20,2,11.32,0.0,2,False,,False,False,,,0,,2023,12
2023-12-21,1,11.99,0.0,3,False,,False,True,,35.0,0,1.0,2023,12
2023-12-22,0,13.97,0.0,4,False,,False,True,,,0,,2023,12
2023-12-23,0,12.49,0.0,5,False,,False,True,,37.0,0,2.0,2023,12
2023-12-24,0,10.75,0.0,6,False,,True,True,,,0,,2023,12
2023-12-25,0,9.84,0.0,0,True,Navidad,True,True,,,0,,2023,12
2023-12-26,0,10.09,0.0,1,True,San Esteban,False,True,,,0,,2023,12
2023-12-27,0,10.19,0.0,2,False,,False,True,,,0,,2023,12
2023-12-28,0,11.03,0.0,3,False,,False,True,,,0,,2023,12
2023-12-29,9,10.41,0.0,4,False,,False,True,,31.0,0,4.0,2023,12
2023-12-30,9,10.45,0.0,5,False,,False,True,,,0,,2023,12
2023-12-31,9,12.8,0.0,6,False,,True,True,,,0,,2023,12
2024-01-01,9,11.1,0.0,0,True,Año Nuevo,False,True,,,0,,2024,1
2024-01-02,3,12.8,0.0,1,False,,False,True,,21.333333333333332,0,4.333333333333333,2024,1
2024-01-03,4,14.98,0.0,2,False,,False,True,,23.0,0,2.0,2024,1
2024-01-04,4,13.46,0.0,3,False,,False,True,,,0,,2024,1
2024-01-05,2,11.35,16.6,4,False,,True,True,,,0,,2024,1
2024-01-06,2,10.11,0.0,5,True,Reyes,False,True,,68.0,0,3.0,2024,1
2024-01-07,0,10.01,0.0,6,False,,False,True,,,0,,2024,1
2024-01-08,1,7.66,0.0,0,False,,False,False,,0.0,0,2.0,2024,1
2024-01-09,1,8.16,0.0,1,False,,False,False,,,0,,2024,1
2024-01-10,0,8.91,5.4,2,False,,False,False,,,0,,2024,1
2024-01-11,0,8.98,0.6,3,False,,False,False,,,0,,2024,1
2024-01-12,0,9.0,0.0,4,False,,False,False,,,0,,2024,1
2024-01-13,0,8.47,0.0,5,False,,False,False,,,0,,2024,1
2024-01-14,0,11.47,0.0,6,False,,False,False,,,0,,2024,1
2024-01-15,0,13.12,0.0,0,False,,False,False,,,0,,2024,1
2024-01-16,0,12.96,0.0,1,False,,False,False,,,0,,2024,1
2024-01-17,0,16.04,0.0,2,False,,False,False,,,0,,2024,1
2024-01-18,0,17.44,0.0,3,False,,False,False,,,0,,2024,1
2024-01-19,0,10.0,4.0,4,False,,False,False,,,0,,2024,1
2024-01-20,0,9.31,0.0,5,False,,False,False,,,0,,2024,1
2024-01-21,0,10.32,0.0,6,False,,False,False,,,0,,2024,1
2024-01-22,0,11.03,0.0,0,False,,False,False,,,0,,2024,1
2024-01-23,0,11.59,0.0,1,False,,False,False,,,0,,2024,1
2024-01-24,1,12.08,0.0,2,False,,False,False,,1.0,0,2.0,2024,1
2024-01-25,1,12.59,0.0,3,False,,False,False,,,0,,2024,1
2024-01-26,1,14.67,0.0,4,False,,False,False,,1.0,0,3.0,2024,1
2024-01-27,1,13.02,0.0,5,False,,False,False,,4.0,0,2.0,2024,1
2024-01-28,1,12.2,0.0,6,False,,False,False,,,0,,2024,1
2024-01-29,0,13.36,0.0,0,False,,False,False,,,0,,2024,1
2024-01-30,2,12.49,0.0,1,False,,False,False,,13.5,0,3.0,2024,1
2024-01-31,2,11.64,0.0,2,False,,False,False,,,0,,2024,1
2024-02-01,3,11.44,0.0,3,False,,False,False,,6.0,0,3.0,2024,2
2024-02-02,1,12.86,0.0,4,False,,False,False,Llum BCN,,0,,2024,2
2024-02-03,2,12.24,0.0,5,False,,False,False,Llum BCN,1.0,0,2.0,2024,2
2024-02-04,2,12.76,0.0,6,False,,False,False,Trial Indoor Barcelona,18.0,0,2.0,2024,2
2024-02-05,1,12.53,0.0,0,False,,False,False,BCNegra,,0,,2024,2
2024-02-06,2,11.64,0.0,1,False,,False,False,BCNegra,21.5,0,5.0,2024,2
2024-02-07,2,12.7,0.0,2,False,,False,False,BCNegra,,0,,2024,2
2024-02-08,6,14.18,0.0,3,False,,False,False,BCNegra,22.75,0,2.5,2024,2
2024-02-09,8,13.72,3.4,4,False,,False,False,BCNegra,27.333333333333332,0,2.8333333333333335,2024,2
2024-02-10,8,12.21,4.4,5,False,,False,False,BCNegra,,0,,2024,2
2024-02-11,3,11.35,0.0,6,False,,False,False,BCNegra,4.0,0,4.0,2024,2
2024-02-12,3,13.02,0.0,0,False,,False,False,Carnaval,,0,,2024,2
2024-02-13,3,12.51,0.0,1,False,,False,False,Carnaval,11.0,0,2.0,2024,2
2024-02-14,3,13.08,0.0,2,False,,False,False,Carnaval,,0,,2024,2
2024-02-15,1,13.71,0.0,3,False,,False,False,,,0,,2024,2
2024-02-16,4,13.6,0.2,4,False,,False,False,,44.75,0,3.75,2024,2
2024-02-17,6,14.48,0.4,5,False,,False,False,,7.5,0,3.5,2024,2
2024-02-18,8,13.34,0.0,6,False,,False,False,,3.6666666666666665,0,6.333333333333333,2024,2
2024-02-19,6,14.34,0.0,0,False,,False,False,,0.0,0,1.0,2024,2
2024-02-20,3,13.22,0.0,1,False,,False,False,,,0,,2024,2
2024-02-21,2,12.7,0.0,2,False,,False,False,,,0,,2024,2
2024-02-22,5,13.67,0.0,3,False,,False,False,,18.4,0,4.2,2024,2
2024-02-23,8,11.82,7.6,4,False,,False,False,,7.0,0,3.0,2024,2
2024-02-24,9,9.71,1.8,5,False,,False,False,,3.0,0,3.0,2024,2
2024-02-25,9,11.86,0.0,6,False,,False,False,,20.8,0,2.0,2024,2
2024-02-26,9,13.35,2.4,0,False,,False,False,Mobile World Congress,24.0,0,3.0,2024,2
2024-02-27,6,11.5,0.2,1,False,,False,False,Mobile World Congress,28.333333333333332,0,2.0,2024,2
2024-02-28,9,12.31,0.2,2,False,,False,False,Mobile World Congress,26.0,0,1.0,2024,2
2024-02-29,9,12.4,0.0,3,False,,False,False,Mobile World Congress,50.0,0,3.0,2024,2
2024-03-01,9,13.13,0.0,4,False,,False,False,,,0,,2024,3
2024-03-02,9,13.6,0.0,5,False,,False,False,,,0,,2024,3
2024-03-03,0,10.85,17.4,6,False,,False,False,,,0,,2024,3
2024-03-04,0,12.01,0.0,0,False,,False,False,,,0,,2024,3
2024-03-05,0,12.75,0.0,1,False,,False,False,,,0,,2024,3
2024-03-06,1,12.15,0.0,2,False,,False,False,,12.0,0,5.0,2024,3
2024-03-07,2,12.38,0.0,3,False,,False,False,,0.0,0,5.0,2024,3
2024-03-08,4,13.0,4.0,4,False,,False,False,,5.5,0,2.0,2024,3
2024-03-09,4,11.34,27.0,5,False,,False,False,,,0,,2024,3
2024-03-10,2,11.73,0.0,6,False,,False,False,Maratón de Barcelona,,0,,2024,3
2024-03-11,2,12.34,0.0,0,False,,False,False,,8.0,0,3.0,2024,3
2024-03-12,2,12.49,0.0,1,False,,False,False,,1.0,0,6.0,2024,3
2024-03-13,4,12.48,0.0,2,False,,False,False,,7.5,0,4.5,2024,3
2024-03-14,3,12.64,0.0,3,False,,False,False,,,0,,2024,3
2024-03-15,7,13.98,0.0,4,False,,False,False,,39.0,0,2.5,2024,3
2024-03-16,7,15.7,0.0,5,False,,False,False,,8.5,0,2.5,2024,3
2024-03-17,5,14.11,0.0,6,False,,False,False,,19.0,0,2.0,2024,3
2024-03-18,6,14.55,0.0,0,False,,False,False,,25.666666666666668,0,5.333333333333333,2024,3
2024-03-19,2,16.52,0.0,1,False,,False,False,,,0,,2024,3
2024-03-20,4,14.93,0.0,2,False,,False,False,,3.0,0,3.0,2024,3
2024-03-21,6,14.56,0.0,3,False,,False,False,,27.0,0,3.0,2024,3
2024-03-22,6,17.9,0.0,4,False,,False,False,,5.0,0,3.0,2024,3
2024-03-23,6,16.95,0.0,5,False,,False,False,,71.5,0,4.5,2024,3
2024-03-24,4,14.22,0.8,6,False,,False,False,,,0,,2024,3
2024-03-25,1,12.17,4.0,0,False,,False,True,,,0,,2024,3
2024-03-26,2,13.4,23.4,1,False,,False,True,,3.0,0,6.0,2024,3
2024-03-27,5,12.57,0.0,2,False,,False,True,,19.0,0,2.3333333333333335,2024,3
2024-03-28,7,16.67,0.0,3,False,,True,True,,25.5,0,2.5,2024,3
2024-03-29,9,15.98,0.0,4,True,Viernes Santo,False,True,,6.0,0,2.5,2024,3
2024-03-30,8,14.38,6.0,5,False,,False,True,,20.5,0,3.0,2024,3
2024-03-31,6,13.61,15.4,6,False,,True,True,,45.0,0,3.0,2024,3
2024-04-01,4,14.26,0.0,0,True,Lunes de Pascua,False,True,,,0,,2024,4
2024-04-02,2,14.32,0.0,1,False,,False,False,,,0,,2024,4
2024-04-03,1,15.64,0.0,2,False,,False,False,,,0,,2024,4
2024-04-04,0,15.36,0.0,3,False,,False,False,,,0,,2024,4
2024-04-05,0,16.19,0.0,4,False,,False,False,,,0,,2024,4
2024-04-06,2,15.48,0.0,5,False,,False,False,,1.0,0,5.0,2024,4
2024-04-07,5,16.96,0.0,6,False,,False,False,,14.0,0,3.0,2024,4
2024-04-08,6,16.29,0.0,0,False,,False,False,,85.0,0,2.0,2024,4
2024-04-09,6,14.03,0.4,1,False,,False,False,,4.0,0,2.0,2024,4
2024-04-10,4,13.2,0.0,2,False,,False,False,,1.0,0,2.0,2024,4
2024-04-11,5,15.27,0.0,3,False,,False,False,,17.0,0,3.5,2024,4
2024-04-12,6,17.73,0.0,4,False,,False,False,,5.0,0,2.3333333333333335,2024,4
2024-04-13,5,19.08,0.0,5,False,,False,False,,,0,,2024,4
2024-04-14,2,19.04,0.0,6,False,,False,False,,,0,,2024,4
2024-04-15,9,18.66,0.0,0,False,,False,False,,50.0,0,4.0,2024,4
2024-04-16,9,16.58,0.4,1,False,,False,False,,,0,,2024,4
2024-04-17,9,14.42,6.8,2,False,,False,False,,54.0,0,2.0,2024,4
2024-04-18,9,12.53,2.8,3,False,,False,False,,,0,,2024,4
2024-04-19,9,13.75,0.0,4,False,,False,False,,100.0,0,2.0,2024,4
2024-04-20,9,15.12,0.0,5,False,,False,False,,,0,,2024,4
2024-04-21,0,14.05,0.0,6,False,,False,False,,,0,,2024,4
2024-04-22,6,10.6,15.6,0,False,,False,False,,20.666666666666668,0,3.0,2024,4
2024-04-23,9,10.39,4.4,1,False,,False,False,,17.6,0,2.2,2024,4
2024-04-24,9,12.98,0.0,2,False,,False,False,,3.0,0,2.0,2024,4
2024-04-25,6,13.35,0.0,3,False,,False,False,,100.0,0,1.0,2024,4
2024-04-26,9,15.15,0.4,4,False,,False,False,,137.0,0,3.0,2024,4
2024-04-27,9,16.15,0.0,5,False,,False,False,,,0,,2024,4
2024-04-28,9,15.29,3.0,6,False,,False,False,,,0,,2024,4
2024-04-29,4,13.98,47.4,0,False,,False,False,,20.0,0,4.25,2024,4
2024-04-30,5,14.97,2.4,1,False,,True,False,,0.0,0,1.0,2024,4
2024-05-01,6,16.18,0.0,2,True,Fiesta del Trabajo,False,False,,11.0,0,3.3333333333333335,2024,5
2024-05-02,5,14.5,0.0,3,False,,False,False,,15.0,0,2.0,2024,5
2024-05-03,9,15.4,0.0,4,False,,False,False,,52.166666666666664,0,3.8333333333333335,2024,5
2024-05-04,8,16.85,0.0,5,False,,False,False,,2.0,0,3.0,2024,5
2024-05-05,5,16.9,0.0,6,False,,False,False,,,0,,2024,5
2024-05-06,8,16.56,0.0,0,False,,False,False,,17.2,0,3.2,2024,5
2024-05-07,8,16.15,2.0,1,False,,False,False,,11.0,0,3.0,2024,5
2024-05-08,8,18.13,0.0,2,False,,False,False,,24.0,0,3.0,2024,5
2024-05-09,9,18.6,0.0,3,False,,False,False,,16.0,0,4.0,2024,5
2024-05-10,9,19.64,0.0,4,False,,False,False,,19.333333333333332,0,3.8333333333333335,2024,5
2024-05-11,9,19.05,0.0,5,False,,False,False,,24.5,0,5.0,2024,5
2024-05-12,7,18.94,0.0,6,False,,False,False,,12.5,0,2.5,2024,5
2024-05-13,6,19.12,0.0,0,False,,False,False,,,0,,2024,5
2024-05-14,5,17.38,11.6,1,False,,False,False,,0.0,0,1.0,2024,5
2024-05-15,3,15.83,3.4,2,False,,False,False,,31.0,0,7.0,2024,5
2024-05-16,5,16.38,0.6,3,False,,False,False,,32.0,0,2.5,2024,5
2024-05-17,5,17.46,0.0,4,False,,False,False,,34.0,0,5.0,2024,5
2024-05-18,7,16.8,2.6,5,False,,False,False,,56.0,0,5.4,2024,5
2024-05-19,9,17.67,0.0,6,False,,False,False,,56.0,0,4.333333333333333,2024,5
2024-05-20,7,18.76,1.4,0,False,,False,False,,15.0,0,4.0,2024,5
2024-05-21,7,18.28,0.6,1,False,,False,False,,,0,,2024,5
2024-05-22,6,17.68,0.8,2,False,,False,False,,42.0,0,4.0,2024,5
2024-05-23,7,18.14,0.0,3,False,,False,False,,68.0,0,4.0,2024,5
2024-05-24,7,18.18,0.0,4,False,,False,False,MotoGP GP Catalunya,74.0,0,3.5,2024,5
2024-05-25,7,18.72,0.0,5,False,,False,False,MotoGP GP Catalunya,114.0,0,2.0,2024,5
2024-05-26,4,20.13,0.0,6,False,,False,False,MotoGP GP Catalunya,,0,,2024,5
2024-05-27,7,20.13,0.0,0,False,,False,False,,70.57142857142857,0,5.428571428571429,2024,5
2024-05-28,8,20.26,0.0,1,False,,False,False,,37.5,0,3.5,2024,5
2024-05-29,8,20.4,0.0,2,False,,False,False,Primavera Sound,113.0,0,4.0,2024,5
2024-05-30,8,20.94,0.0,3,False,,False,False,Primavera Sound,54.0,0,5.0,2024,5
2024-05-31,8,20.68,0.0,4,False,,False,False,Primavera Sound,27.0,0,3.0,2024,5
2024-06-01,6,18.58,5.0,5,False,,False,False,Primavera Sound,,0,,2024,6
2024-06-02,6,19.63,0.0,6,False,,False,False,Primavera Sound,4.0,0,5.0,2024,6
2024-06-03,3,21.14,0.0,0,False,,False,False,,37.5,0,4.5,2024,6
2024-06-04,4,21.58,0.0,1,False,,False,False,,0.0,0,4.0,2024,6
2024-06-05,5,21.38,0.0,2,False,,False,False,,73.0,0,2.0,2024,6
2024-06-06,6,22.86,0.0,3,False,,False,False,,55.5,0,3.0,2024,6
2024-06-07,9,23.32,0.0,4,False,,False,False,,47.625,0,2.125,2024,6
2024-06-08,7,23.97,0.0,5,False,,False,False,,,0,,2024,6
2024-06-09,3,21.96,2.8,6,False,,False,False,,3.5,0,1.5,2024,6
2024-06-10,5,19.84,9.6,0,False,,False,False,,56.5,0,6.166666666666667,2024,6
2024-06-11,8,18.12,9.0,1,False,,False,False,,12.5,0,3.0,2024,6
2024-06-12,9,17.93,8.0,2,False,,False,False,,15.0,0,7.0,2024,6
2024-06-13,7,19.44,0.0,3,False,,False,False,Sónar,6.0,0,2.0,2024,6
2024-06-14,8,21.56,0.0,4,False,,False,False,Sónar,7.0,0,5.0,2024,6
2024-06-15,7,22.44,0.0,5,False,,False,False,Sónar,1.6666666666666667,0,1.0,2024,6
2024-06-16,8,22.44,0.0,6,False,,False,False,,15.0,0,2.75,2024,6
2024-06-17,8,22.29,0.0,0,False,,False,False,,8.0,0,3.0,2024,6
2024-06-18,8,23.1,0.0,1,False,,False,False,,8.0,0,2.0,2024,6
2024-06-19,4,22.11,0.0,2,False,,False,False,,29.0,0,3.0,2024,6
2024-06-20,6,21.45,9.6,3,False,,False,False,,201.66666666666666,0,4.0,2024,6
2024-06-21,9,22.38,0.0,4,False,,False,False,Fórmula 1 GP España,340.6666666666667,0,2.6666666666666665,2024,6
2024-06-22,9,22.04,0.0,5,False,,False,True,Fórmula 1 GP España,325.5,0,2.0,2024,6
2024-06-23,9,20.85,0.2,6,False,,True,True,Fórmula 1 GP España,6.0,0,2.0,2024,6
2024-06-24,1,22.9,0.0,0,True,San Juan,False,True,,,0,,2024,6
2024-06-25,9,23.15,0.0,1,False,,False,True,,176.0,0,3.0,2024,6
2024-06-26,9,23.48,0.0,2,False,,False,True,,,0,,2024,6
2024-06-27,9,24.53,0.0,3,False,,False,True,,,0,,2024,6
2024-06-28,5,25.36,0.0,4,False,,False,True,,11.11111111111111,0,2.3333333333333335,2024,6
2024-06-29,8,24.07,3.4,5,False,,False,True,,1.6666666666666667,0,2.0,2024,6
2024-06-30,5,22.65,0.0,6,False,,False,True,,76.0,0,5.0,2024,6
2024-07-01,7,21.77,5.4,0,False,,False,True,,23.333333333333332,0,3.0,2024,7
2024-07-02,5,22.53,0.0,1,False,,False,True,,54.0,0,5.0,2024,7
2024-07-03,6,22.42,0.0,2,False,,False,True,,18.0,0,3.0,2024,7
2024-07-04,7,22.89,0.0,3,False,,False,True,,48.0,0,2.6666666666666665,2024,7
2024-07-05,9,24.39,0.0,4,False,,False,True,Barcelona Rock Fest,30.0,0,2.0,2024,7
2024-07-06,7,24.26,0.0,5,False,,False,True,Barcelona Rock Fest,106.0,0,7.0,2024,7
2024-07-07,8,24.05,0.0,6,False,,False,True,Barcelona Rock Fest,9.0,0,2.0,2024,7
2024-07-08,5,24.55,0.0,0,False,,False,True,,63.5,0,3.0,2024,7
2024-07-09,5,25.26,0.0,1,False,,False,True,,1.0,0,2.0,2024,7
2024-07-10,6,25.65,0.0,2,False,,False,True,Cruïlla,100.0,0,4.0,2024,7
2024-07-11,8,26.47,0.0,3,False,,False,True,Cruïlla,15.666666666666666,0,3.6666666666666665,2024,7
2024-07-12,8,26.0,0.0,4,False,,False,True,Cruïlla,16.0,0,4.0,2024,7
2024-07-13,8,23.85,0.0,5,False,,False,True,Cruïlla,69.33333333333333,0,2.0,2024,7
2024-07-14,5,24.88,0.0,6,False,,False,True,,,0,,2024,7
2024-07-15,6,25.38,0.0,0,False,,False,True,,26.0,0,2.5,2024,7
2024-07-16,8,25.86,0.0,1,False,,False,True,,12.333333333333334,0,2.6666666666666665,2024,7
2024-07-17,6,25.9,0.0,2,False,,False,True,,158.5,0,4.0,2024,7
2024-07-18,8,26.52,0.0,3,False,,False,True,,51.8,0,3.4,2024,7
2024-07-19,8,27.52,0.0,4,False,,False,True,,57.0,0,3.0,2024,7
2024-07-20,7,27.03,0.0,5,False,,False,True,,87.5,0,2.0,2024,7
2024-07-21,6,24.9,8.8,6,False,,False,True,,,0,,2024,7
2024-07-22,9,25.8,0.0,0,False,,False,True,,54.77777777777778,0,3.3333333333333335,2024,7
2024-07-23,9,25.82,0.0,1,False,,False,True,,68.66666666666667,0,3.3333333333333335,2024,7
2024-07-24,8,26.59,0.0,2,False,,False,True,,,0,,2024,7
2024-07-25,8,26.62,0.0,3,False,,False,True,,1.0,0,2.0,2024,7
2024-07-26,8,27.58,0.0,4,False,,False,True,,,0,,2024,7
2024-07-27,9,27.29,0.0,5,False,,False,True,,217.0,0,4.0,2024,7
2024-07-28,9,26.6,0.0,6,False,,False,True,,,0,,2024,7
2024-07-29,9,28.03,0.0,0,False,,False,True,,,0,,2024,7
2024-07-30,9,29.15,0.0,1,False,,False,True,,,0,,2024,7
2024-07-31,9,29.8,0.0,2,False,,False,True,,107.66666666666667,0,5.0,2024,7
2024-08-01,9,28.69,0.0,3,False,,False,True,,,0,,2024,8
2024-08-02,9,28.88,0.0,4,False,,False,True,,,0,,2024,8
2024-08-03,9,27.49,0.0,5,False,,False,True,,155.0,0,7.0,2024,8
2024-08-04,9,27.63,0.0,6,False,,False,True,,,0,,2024,8
2024-08-05,9,27.3,0.0,0,False,,False,True,,,0,,2024,8
2024-08-06,9,27.64,0.0,1,False,,False,True,,,0,,2024,8
2024-08-07,9,28.14,0.0,2,False,,False,True,,,0,,2024,8
2024-08-08,9,28.08,0.0,3,False,,False,True,,,0,,2024,8
2024-08-09,9,28.78,0.0,4,False,,False,True,Brunch Electronik,,0,,2024,8
2024-08-10,9,29.64,0.0,5,False,,False,True,Brunch Electronik,185.0,0,7.0,2024,8
2024-08-11,9,26.86,0.0,6,False,,False,True,Brunch Electronik,,0,,2024,8
2024-08-12,9,27.42,0.0,0,False,,False,True,,,0,,2024,8
2024-08-13,9,27.7,0.0,1,False,,False,True,,,0,,2024,8
2024-08-14,9,24.31,13.8,2,False,,True,True,,,0,,2024,8
2024-08-15,9,25.38,0.2,3,True,Asunción,False,True,,,0,,2024,8
2024-08-16,9,25.42,4.8,4,False,,False,True,,,0,,2024,8
2024-08-17,9,26.77,0.0,5,False,,False,True,,207.0,0,7.0,2024,8
2024-08-18,9,23.95,2.6,6,False,,False,True,,,0,,2024,8
2024-08-19,9,24.9,0.0,0,False,,False,True,,,0,,2024,8
2024-08-20,9,25.97,0.0,1,False,,False,True,,,0,,2024,8
2024-08-21,9,26.37,0.0,2,False,,False,True,,,0,,2024,8
2024-08-22,9,26.72,0.0,3,False,,False,True,,,0,,2024,8
2024-08-23,9,27.11,0.0,4,False,,False,True,,,0,,2024,8
2024-08-24,3,26.78,0.0,5,False,,False,True,,32.0,0,4.75,2024,8
2024-08-25,6,26.45,0.0,6,False,,False,True,,4.0,0,7.0,2024,8
2024-08-26,5,26.0,0.0,0,False,,False,True,,,0,,2024,8
2024-08-27,6,26.81,0.0,1,False,,False,True,,21.0,0,3.0,2024,8
2024-08-28,5,26.17,0.0,2,False,,False,True,,18.0,0,4.0,2024,8
2024-08-29,3,25.26,0.0,3,False,,False,True,,,0,,2024,8
2024-08-30,5,25.51,0.0,4,False,,False,True,,22.0,0,4.666666666666667,2024,8
2024-08-31,4,25.85,0.0,5,False,,False,True,,,0,,2024,8
2024-09-01,7,25.38,0.2,6,False,,False,True,,50.5,0,3.25,2024,9
2024-09-02,8,25.92,0.0,0,False,,False,True,,15.5,0,4.0,2024,9
2024-09-03,8,23.05,4.6,1,False,,False,True,,,0,,2024,9
2024-09-04,6,21.15,11.8,2,False,,False,True,,21.666666666666668,0,3.6666666666666665,2024,9
2024-09-05,7,21.3,0.0,3,False,,False,True,,22.5,0,1.5,2024,9
2024-09-06,8,24.03,4.6,4,False,,False,True,,73.2,0,2.8,2024,9
2024-09-07,9,25.81,3.6,5,False,,False,True,,17.0,0,2.5,2024,9
2024-09-08,6,21.64,24.2,6,False,,False,True,,,0,,2024,9
2024-09-09,4,22.83,0.0,0,False,,False,False,,68.0,0,3.2,2024,9
2024-09-10,3,23.07,0.0,1,False,,True,False,,,0,,2024,9
2024-09-11,2,22.37,0.0,2,True,Diada de Cataluña,False,False,,143.0,0,2.0,2024,9
2024-09-12,4,19.25,0.2,3,False,,False,False,,114.0,0,1.0,2024,9
2024-09-13,9,18.91,0.0,4,False,,False,False,,236.0,0,3.0,2024,9
2024-09-14,9,21.0,0.0,5,False,,False,False,,,0,,2024,9
2024-09-15,9,21.75,0.0,6,False,,False,False,,,0,,2024,9
2024-09-16,9,22.43,0.0,0,False,,False,False,,52.2,0,3.9,2024,9
2024-09-17,9,20.63,3.4,1,False,,False,False,,,0,,2024,9
2024-09-18,9,19.89,0.0,2,False,,False,False,,1.5,0,2.0,2024,9
2024-09-19,8,20.95,0.0,3,False,,False,False,,2.0,0,2.0,2024,9
2024-09-20,8,20.42,2.4,4,False,,False,False,La Mercè,28.25,0,2.75,2024,9
2024-09-21,7,20.75,0.4,5,False,,False,False,La Mercè,28.0,0,3.0,2024,9
2024-09-22,7,20.91,0.6,6,False,,False,False,La Mercè,37.666666666666664,0,5.333333333333333,2024,9
2024-09-23,7,20.42,2.8,0,False,,False,False,La Mercè,13.0,0,3.0,2024,9
2024-09-24,4,21.76,0.0,1,False,,False,False,La Mercè,31.0,0,2.0,2024,9
2024-09-25,6,22.12,0.0,2,False,,False,False,,48.0,0,4.5,2024,9
2024-09-26,6,24.75,0.0,3,False,,False,False,,42.0,0,3.0,2024,9
2024-09-27,8,21.92,0.4,4,False,,False,False,,22.5,0,2.25,2024,9
2024-09-28,8,18.45,0.0,5,False,,False,False,,26.0,0,2.0,2024,9
2024-09-29,3,19.93,1.0,6,False,,False,False,,,0,,2024,9
2024-09-30,2,21.99,0.0,0,False,,False,False,,1.5,0,3.0,2024,9
2024-10-01,3,21.88,0.0,1,False,,False,False,,0.0,0,3.0,2024,10
2024-10-02,4,19.36,13.8,2,False,,False,False,,18.0,0,3.0,2024,10
2024-10-03,4,17.9,13.6,3,False,,False,False,Festival de Cine de Sitges,,0,,2024,10
2024-10-04,2,19.08,0.0,4,False,,False,False,Festival de Cine de Sitges,5.0,0,1.0,2024,10
2024-10-05,0,19.5,0.0,5,False,,False,False,Festival de Cine de Sitges,,0,,2024,10
2024-10-06,9,21.05,0.0,6,False,,False,False,Festival de Cine de Sitges,10.0,0,1.0,2024,10
2024-10-07,9,21.76,0.0,0,False,,False,False,Festival de Cine de Sitges,145.0,0,3.0,2024,10
2024-10-08,9,20.92,1.6,1,False,,False,False,Festival de Cine de Sitges,,0,,2024,10
2024-10-09,9,22.93,0.0,2,False,,False,False,Festival de Cine de Sitges,,0,,2024,10
2024-10-10,3,20.04,0.0,3,False,,False,False,Festival de Cine de Sitges,21.333333333333332,0,4.0,2024,10
2024-10-11,7,18.94,0.0,4,False,,True,False,Festival de Cine de Sitges,40.75,0,3.75,2024,10
2024-10-12,9,20.09,0.4,5,True,Fiesta Nacional,False,False,Festival de Cine de Sitges,8.0,0,4.0,2024,10
2024-10-13,9,19.37,0.0,6,False,,False,False,Festival de Cine de Sitges,16.0,0,8.5,2024,10
2024-10-14,5,20.48,0.0,0,False,,False,False,,2.2,0,4.4,2024,10
2024-10-15,7,21.43,0.0,1,False,,False,False,,23.0,0,4.0,2024,10
2024-10-16,6,21.95,0.0,2,False,,False,False,,,0,,2024,10
2024-10-17,6,20.42,0.0,3,False,,False,False,,,0,,2024,10
2024-10-18,5,16.69,0.0,4,False,,False,False,,57.0,0,2.0,2024,10
2024-10-19,4,17.29,0.0,5,False,,False,False,,9.5,0,4.5,2024,10
2024-10-20,7,19.62,0.0,6,False,,False,False,,49.5,0,3.5,2024,10
2024-10-21,8,20.08,0.0,0,False,,False,False,,3.0,0,4.0,2024,10
2024-10-22,8,19.29,0.0,1,False,,False,False,,0.0,0,3.5,2024,10
2024-10-23,9,18.67,0.0,2,False,,False,False,,1.3333333333333333,0,2.3333333333333335,2024,10
2024-10-24,8,18.36,0.0,3,False,,False,False,,15.0,0,5.0,2024,10
2024-10-25,6,19.61,0.2,4,False,,False,False,,50.25,0,3.0,2024,10
2024-10-26,5,15.63,45.0,5,False,,False,False,,0.0,0,2.5,2024,10
2024-10-27,4,17.54,0.0,6,False,,False,False,,0.0,0,1.0,2024,10
2024-10-28,2,19.21,1.0,0,False,,False,False,,0.0,0,2.0,2024,10
2024-10-29,4,20.26,0.0,1,False,,False,False,,75.33333333333333,0,3.6666666666666665,2024,10
2024-10-30,3,20.06,3.8,2,False,,False,False,,,0,,2024,10
2024-10-31,8,20.03,0.2,3,False,,True,False,,115.2,0,3.6,2024,10
2024-11-01,9,17.93,0.2,4,True,Todos los Santos,False,False,,20.0,0,4.5,2024,11
2024-11-02,8,19.1,0.0,5,False,,False,False,,5.0,0,2.0,2024,11
2024-11-03,8,18.38,4.8,6,False,,False,False,,0.0,0,3.0,2024,11
2024-11-04,4,18.54,8.4,0,False,,False,False,,,0,,2024,11
2024-11-05,4,19.53,0.4,1,False,,False,False,,8.333333333333334,0,4.0,2024,11
2024-11-06,5,18.41,0.0,2,False,,False,False,,1.0,0,2.5,2024,11
2024-11-07,4,18.02,0.0,3,False,,False,False,,,0,,2024,11
2024-11-08,5,18.28,16.4,4,False,,False,False,,9.5,0,3.5,2024,11
2024-11-09,6,17.02,0.0,5,False,,False,False,,0.0,0,5.0,2024,11
2024-11-10,7,17.71,0.0,6,False,,False,False,,3.0,0,2.0,2024,11
2024-11-11,7,16.57,0.0,0,False,,False,False,,0.0,0,1.6666666666666667,2024,11
2024-11-12,4,13.35,2.0,1,False,,False,False,,,0,,2024,11
2024-11-13,5,14.25,0.4,2,False,,False,False,,10.0,0,7.0,2024,11
2024-11-14,3,14.0,0.0,3,False,,False,False,,11.0,0,3.5,2024,11
2024-11-15,9,14.85,0.0,4,False,,False,False,,11.666666666666666,0,2.3333333333333335,2024,11
2024-11-16,9,16.19,0.0,5,False,,False,False,,,0,,2024,11
2024-11-17,4,15.14,0.0,6,False,,False,False,,,0,,2024,11
2024-11-18,1,14.78,0.0,0,False,,False,False,,,0,,2024,11
2024-11-19,1,15.31,0.0,1,False,,False,False,,,0,,2024,11
2024-11-20,0,16.32,0.0,2,False,,False,False,,,0,,2024,11
2024-11-21,0,15.88,0.0,3,False,,False,False,,,0,,2024,11
2024-11-22,9,15.34,1.2,4,False,,False,False,,94.0,0,2.0,2024,11
2024-11-23,9,14.6,0.4,5,False,,False,False,,,0,,2024,11
2024-11-24,0,17.02,0.0,6,False,,False,False,,,0,,2024,11
2024-11-25,0,16.53,0.0,0,False,,False,False,,4.0,0,2.0,2024,11
2024-11-26,1,15.21,0.0,1,False,,False,False,,1.0,0,2.0,2024,11
2024-11-27,1,13.79,0.0,2,False,,False,False,,,0,,2024,11
2024-11-28,0,12.72,0.0,3,False,,False,False,,,0,,2024,11
2024-11-29,1,13.45,0.0,4,False,,False,False,,46.0,0,2.0,2024,11
2024-11-30,2,14.05,0.0,5,False,,False,False,,1.0,0,4.0,2024,11
2024-12-01,1,14.88,0.0,6,False,,False,False,,,0,,2024,12
2024-12-02,1,15.15,0.0,0,False,,False,False,,,0,,2024,12
2024-12-03,2,13.73,0.0,1,False,,False,False,,8.0,0,1.0,2024,12
2024-12-04,0,11.97,0.4,2,False,,False,False,,,0,,2024,12
2024-12-05,1,12.32,0.0,3,False,,True,False,,19.0,0,4.5,2024,12
2024-12-06,6,14.08,0.0,4,True,Día de la Constitución,False,False,,10.2,0,2.4,2024,12
2024-12-07,5,14.27,0.0,5,False,,True,False,,42.0,0,2.0,2024,12
2024-12-08,3,10.37,0.0,6,True,Inmaculada,False,False,,,0,,2024,12
2024-12-09,2,10.49,0.0,0,False,,False,False,,0.0,0,2.0,2024,12
2024-12-10,2,9.12,0.8,1,False,,False,False,,25.75,0,3.0,2024,12
2024-12-11,2,9.17,1.4,2,False,,False,False,,0.0,0,7.0,2024,12
2024-12-12,2,11.27,27.8,3,False,,False,False,,,0,,2024,12
2024-12-13,1,11.8,0.0,4,False,,False,False,,,0,,2024,12
2024-12-14,1,10.43,0.0,5,False,,False,False,,,0,,2024,12
2024-12-15,1,10.3,0.0,6,False,,False,False,,,0,,2024,12
2024-12-16,1,10.34,0.0,0,False,,False,False,,,0,,2024,12
2024-12-17,1,12.9,0.0,1,False,,False,False,,,0,,2024,12
2024-12-18,0,11.64,0.0,2,False,,False,False,,,0,,2024,12
2024-12-19,9,16.02,0.0,3,False,,False,False,,317.0,0,4.0,2024,12
2024-12-20,9,10.08,0.0,4,False,,False,False,,,0,,2024,12
2024-12-21,9,10.01,0.0,5,False,,False,True,,,0,,2024,12
2024-12-22,9,12.03,0.0,6,False,,False,True,,,0,,2024,12
2024-12-23,0,10.26,0.0,0,False,,False,True,,,0,,2024,12
2024-12-24,0,10.15,0.0,1,False,,True,True,,,0,,2024,12
2024-12-25,9,11.79,0.0,2,True,Navidad,True,True,,85.0,0,2.0,2024,12
2024-12-26,9,11.35,0.0,3,True,San Esteban,False,True,,,0,,2024,12
2024-12-27,0,11.24,0.0,4,False,,False,True,,,0,,2024,12
2024-12-28,2,9.85,0.0,5,False,,False,True,,30.0,0,5.333333333333333,2024,12
2024-12-29,4,9.62,0.0,6,False,,False,True,,1.0,0,2.5,2024,12
2024-12-30,9,9.49,0.0,0,False,,False,True,,0.0,0,2.4,2024,12
2024-12-31,9,10.06,0.0,1,False,,True,True,,3.0,0,2.0,2024,12
2025-01-01,3,10.67,0.0,2,True,Año Nuevo,False,True,,,0,,2025,1
2025-01-02,2,9.9,0.0,3,False,,False,True,,,0,,2025,1
2025-01-03,2,10.61,0.0,4,False,,False,True,,75.0,0,3.0,2025,1
2025-01-04,1,11.77,0.0,5,False,,False,True,,,0,,2025,1
2025-01-05,1,12.04,0.0,6,False,,True,True,,,0,,2025,1
2025-01-06,0,13.97,1.2,0,True,Reyes,False,True,,0.0,0,4.0,2025,1
2025-01-07,0,11.07,0.2,1,False,,False,True,,6.0,0,3.0,2025,1
2025-01-08,9,14.57,0.0,2,False,,False,False,,0.0,0,2.0,2025,1
2025-01-09,9,15.84,0.0,3,False,,False,False,,,0,,2025,1
2025-01-10,0,14.09,0.0,4,False,,False,False,,,0,,2025,1
2025-01-11,0,14.67,0.0,5,False,,False,False,,,0,,2025,1
2025-01-12,0,9.95,0.0,6,False,,False,False,,,0,,2025,1
2025-01-13,0,7.27,0.0,0,False,,False,False,,,0,,2025,1
2025-01-14,9,7.38,0.0,1,False,,False,False,,15.0,0,3.0,2025,1
2025-01-15,9,8.25,0.0,2,False,,False,False,,,0,,2025,1
2025-01-16,9,9.23,1.6,3,False,,False,False,,,0,,2025,1
2025-01-17,0,10.1,2.8,4,False,,False,False,,,0,,2025,1
2025-01-18,0,9.93,0.0,5,False,,False,False,,,0,,2025,1
2025-01-19,9,11.17,0.0,6,False,,False,False,,1.0,0,6.0,2025,1
2025-01-20,9,11.05,0.0,0,False,,False,False,,,0,,2025,1
2025-01-21,9,10.58,0.0,1,False,,False,False,,14.0,0,1.0,2025,1
2025-01-22,9,11.6,0.0,2,False,,False,False,,,0,,2025,1
2025-01-23,9,16.61,0.4,3,False,,False,False,,,0,,2025,1
2025-01-24,9,16.61,0.4,4,False,,False,False,,,0,,2025,1
2025-01-25,0,16.61,0.4,5,False,,False,False,,,0,,2025,1
2025-01-26,0,16.61,0.4,6,False,,False,False,,,0,,2025,1
2025-01-27,0,16.61,0.4,0,False,,False,False,,,0,,2025,1
2025-01-28,1,12.82,0.0,1,False,,False,False,,21.0,0,3.0,2025,1
2025-01-29,2,11.61,0.0,2,False,,False,False,,14.0,0,9.0,2025,1
2025-01-30,2,12.06,0.0,3,False,,False,False,,,0,,2025,1
2025-01-31,2,10.81,0.0,4,False,,False,False,,112.0,0,2.0,2025,1
2025-02-01,4,8.98,0.4,5,False,,False,False,,28.0,0,3.0,2025,2
2025-02-02,4,9.87,0.2,6,False,,False,False,Trial Indoor Barcelona,0.0,0,3.0,2025,2
2025-02-03,6,11.66,0.0,0,False,,False,False,,3.0,0,2.5,2025,2
2025-02-04,8,10.6,0.0,1,False,,False,False,,1.25,0,2.5,2025,2
2025-02-05,7,11.15,0.0,2,False,,False,False,,0.0,0,2.0,2025,2
2025-02-06,5,10.26,0.0,3,False,,False,False,,9.0,0,3.0,2025,2
2025-02-07,1,11.06,0.8,4,False,,False,False,Llum BCN,,0,,2025,2
2025-02-08,1,10.27,3.2,5,False,,False,False,Llum BCN,,0,,2025,2
2025-02-09,0,9.89,0.0,6,False,,False,False,Llum BCN,,0,,2025,2
2025-02-10,0,11.59,0.0,0,False,,False,False,BCNegra,83.0,0,8.0,2025,2
2025-02-11,0,11.75,0.2,1,False,,False,False,BCNegra,,0,,2025,2
2025-02-12,0,11.71,17.0,2,False,,False,False,BCNegra,,0,,2025,2
2025-02-13,1,13.17,0.0,3,False,,False,False,BCNegra,0.0,0,2.0,2025,2
2025-02-14,2,12.4,0.0,4,False,,False,False,BCNegra,1.0,0,2.0,2025,2
2025-02-15,3,11.1,0.0,5,False,,False,False,BCNegra,8.0,0,2.0,2025,2
2025-02-16,3,12.6,0.0,6,False,,False,False,BCNegra,1.0,0,2.0,2025,2
2025-02-17,1,11.9,0.0,0,False,,False,False,,,0,,2025,2
2025-02-18,1,12.5,0.0,1,False,,False,False,,0.0,0,2.0,2025,2
2025-02-19,2,12.67,0.0,2,False,,False,False,,2.0,0,2.0,2025,2
2025-02-20,4,12.68,0.0,3,False,,False,False,,50.0,0,2.6666666666666665,2025,2
2025-02-21,3,12.38,0.0,4,False,,False,False,,,0,,2025,2
2025-02-22,2,13.52,1.6,5,False,,False,False,,,0,,2025,2
2025-02-23,0,12.34,0.2,6,False,,False,False,,,0,,2025,2
2025-02-24,2,12.45,0.0,0,False,,False,False,,3.0,0,1.5,2025,2
2025-02-25,1,12.13,2.0,1,False,,False,False,,,0,,2025,2
2025-02-26,0,10.53,0.0,2,False,,False,False,,,0,,2025,2
2025-02-27,5,11.58,0.0,3,False,,False,False,Carnaval,52.8,0,3.2,2025,2
2025-02-28,6,11.33,0.0,4,False,,False,False,Carnaval,81.0,0,2.0,2025,2
2025-03-01,9,11.14,0.0,5,False,,False,False,Carnaval,28.25,0,3.5,2025,3
2025-03-02,6,12.75,0.0,6,False,,False,False,Carnaval,33.0,0,4.666666666666667,2025,3
2025-03-03,9,12.75,5.2,0,False,,False,False,Carnaval,59.0,0,3.0,2025,3
2025-03-04,9,13.03,0.0,1,False,,False,False,Carnaval,0.0,0,2.0,2025,3
2025-03-05,6,12.65,0.0,2,False,,False,False,Carnaval,,0,,2025,3
2025-03-06,3,13.65,1.6,3,False,,False,False,Mobile World Congress,,0,,2025,3
2025-03-07,9,12.47,9.0,4,False,,False,False,,95.0,0,4.0,2025,3
2025-03-08,9,13.58,12.2,5,False,,False,False,,,0,,2025,3
2025-03-09,9,13.25,17.0,6,False,,False,False,,,0,,2025,3
2025-03-10,9,12.55,1.6,0,False,,False,False,,,0,,2025,3
2025-03-11,0,12.5,0.0,1,False,,False,False,,89.0,0,3.0,2025,3
2025-03-12,0,12.54,0.0,2,False,,False,False,,,0,,2025,3
2025-03-13,0,10.81,1.0,3,False,,False,False,,5.0,0,3.0,2025,3
2025-03-14,9,8.1,11.8,4,False,,False,False,,25.0,0,1.5,2025,3
2025-03-15,2,9.35,0.6,5,False,,False,False,,24.0,0,3.0,2025,3
2025-03-16,2,9.34,1.2,6,False,,False,False,Maratón de Barcelona,,0,,2025,3
2025-03-17,2,10.19,0.4,0,False,,False,False,,18.0,0,4.0,2025,3
2025-03-18,2,11.35,0.6,1,False,,False,False,,,0,,2025,3
2025-03-19,2,12.88,10.0,2,False,,False,False,,1.0,0,2.0,2025,3
2025-03-20,2,13.68,0.2,3,False,,False,False,,,0,,2025,3
2025-03-21,9,13.5,8.0,4,False,,False,False,,29.0,0,2.0,2025,3
2025-03-22,9,13.57,0.4,5,False,,False,False,,,0,,2025,3
2025-03-23,2,11.86,1.8,6,False,,False,False,,5.0,0,5.0,2025,3
2025-03-24,3,11.6,3.0,0,False,,False,False,,0.0,0,2.0,2025,3
2025-03-25,4,12.41,0.2,1,False,,False,False,,0.0,0,1.0,2025,3
2025-03-26,2,14.11,0.0,2,False,,False,False,,,0,,2025,3
2025-03-27,3,13.59,0.0,3,False,,False,False,,0.0,0,2.0,2025,3
2025-03-28,4,13.14,1.4,4,False,,False,False,,9.333333333333334,0,2.0,2025,3
2025-03-29,5,14.28,0.0,5,False,,False,False,,126.0,0,2.0,2025,3
2025-03-30,2,14.5,0.0,6,False,,False,False,,,0,,2025,3
2025-03-31,9,14.68,0.0,0,False,,False,False,,172.0,0,6.0,2025,3
2025-04-01,9,14.41,0.0,1,False,,False,False,,,0,,2025,4
2025-04-02,9,13.4,0.2,2,False,,False,False,,,0,,2025,4
2025-04-03,9,14.72,0.0,3,False,,False,False,,,0,,2025,4
2025-04-04,9,16.66,0.0,4,False,,False,False,,,0,,2025,4
2025-04-05,9,15.32,0.0,5,False,,False,False,,,0,,2025,4
2025-04-06,3,18.22,0.0,6,False,,False,False,,51.666666666666664,0,3.0,2025,4
2025-04-07,4,16.17,0.0,0,False,,False,False,,49.0,0,5.333333333333333,2025,4
2025-04-08,3,15.39,0.0,1,False,,False,False,,,0,,2025,4
2025-04-09,5,15.38,0.0,2,False,,False,False,,20.75,0,3.75,2025,4
2025-04-10,5,15.61,0.0,3,False,,False,False,,,0,,2025,4
2025-04-11,7,15.31,0.0,4,False,,False,False,,17.0,0,2.6666666666666665,2025,4
2025-04-12,6,15.82,0.0,5,False,,False,True,,,0,,2025,4
2025-04-13,5,16.1,0.0,6,False,,False,True,,75.71428571428571,0,5.428571428571429,2025,4
2025-04-14,5,16.5,0.0,0,False,,False,True,,,0,,2025,4
2025-04-15,4,16.45,0.0,1,False,,False,True,,,0,,2025,4
2025-04-16,3,12.71,0.0,2,False,,False,True,,,0,,2025,4
2025-04-17,2,13.53,0.0,3,False,,True,True,,,0,,2025,4
2025-04-18,2,15.59,0.0,4,True,Viernes Santo,False,True,,,0,,2025,4
